Date,Name,Subclass,Price,Fuel Type,Division,Retailer,District,
2025-02-11,R.A.M. OIL CYPRUS LIMITED,Petrol,1.373,Unleaded 95,TRANSPORT,EKO
2025-02-11,R.A.M. OIL CYPRUS LIMITED,Petrol,1.497,Unleaded 98,TRANSPORT,EKO
2025-02-11,R.A.M. OIL CYPRUS LIMITED,Diesel,1.454,Diesel,TRANSPORT,EKO
2025-02-11,R.A.M. OIL CYPRUS LIMITED,Liquid fuels,0.999,Heating Diesel,"HOUSING, WATER, ELECTRICITY, GAS AND OTHER FUELS",EKO
2025-02-11,R.A.M. OIL CYPRUS LIMITED,Liquid fuels,1.068,Kerosene,"HOUSING, WATER, ELECTRICITY, GAS AND OTHER FUELS",EKO
2025-02-11,ADELFOI P & P CHRISTODOULOU LIMITED,Petrol,1.363,Unleaded 95,TRANSPORT,PETROLINA
2025-02-11,ADELFOI P & P CHRISTODOULOU LIMITED,Petrol,1.434,Unleaded 98,TRANSPORT,PETROLINA
2025-02-11,ADELFOI P & P CHRISTODOULOU LIMITED,Diesel,1.449,Diesel,TRANSPORT,PETROLINA
2025-02-11,ADELFOI P & P CHRISTODOULOU LIMITED,Liquid fuels,0.999,Heating Diesel,"HOUSING, WATER, ELECTRICITY, GAS AND OTHER FUELS",PETROLINA
2025-02-11,ADELFOI P & P CHRISTODOULOU LIMITED,Liquid fuels,1.035,Kerosene,"HOUSING, WATER, ELECTRICITY, GAS AND OTHER FUELS",PETROLINA
2025-02-11,D. KTORIDIS & YIOS LTD,Petrol,1.373,Unleaded 95,TRANSPORT,PETROLINA
2025-02-11,D. KTORIDIS & YIOS LTD,Petrol,1.434,Unleaded 98,TRANSPORT,PETROLINA
2025-02-11,D. KTORIDIS & YIOS LTD,Diesel,1.454,Diesel,TRANSPORT,PETROLINA
2025-02-11,D. KTORIDIS & YIOS LTD,Liquid fuels,0.999,Heating Diesel,"HOUSING, WATER, ELECTRICITY, GAS AND OTHER FUELS",PETROLINA
2025-02-11,D. KTORIDIS & YIOS LTD,Liquid fuels,1.029,Kerosene,"HOUSING, WATER, ELECTRICITY, GAS AND OTHER FUELS",PETROLINA
2025-02-11,R.A.M. OIL CYPRUS LIMITED,Petrol,1.363,Unleaded 95,TRANSPORT,EKO
2025-02-11,R.A.M. OIL CYPRUS LIMITED,Petrol,1.497,Unleaded 98,TRANSPORT,EKO
2025-02-11,R.A.M. OIL CYPRUS LIMITED,Diesel,1.449,Diesel,TRANSPORT,EKO
2025-02-11,R.A.M. OIL CYPRUS LIMITED,Liquid fuels,0.999,Heating Diesel,"HOUSING, WATER, ELECTRICITY, GAS AND OTHER FUELS",EKO
2025-02-11,R.A.M. OIL CYPRUS LIMITED,Liquid fuels,1.068,Kerosene,"HOUSING, WATER, ELECTRICITY, GAS AND OTHER FUELS",EKO
2025-02-11,PETROLINA (HOLDINGS) PUBLIC LIMITED,Petrol,1.389,Unleaded 95,TRANSPORT,PETROLINA
2025-02-11,PETROLINA (HOLDINGS) PUBLIC LIMITED,Petrol,1.479,Unleaded 98,TRANSPORT,PETROLINA
2025-02-11,PETROLINA (HOLDINGS) PUBLIC LIMITED,Diesel,1.479,Diesel,TRANSPORT,PETROLINA
2025-02-11,PETROLINA (HOLDINGS) PUBLIC LIMITED,Liquid fuels,1.067,Heating Diesel,"HOUSING, WATER, ELECTRICITY, GAS AND OTHER FUELS",PETROLINA
2025-02-11,PETROLINA (HOLDINGS) PUBLIC LIMITED,Liquid fuels,1.098,Kerosene,"HOUSING, WATER, ELECTRICITY, GAS AND OTHER FUELS",PETROLINA
2025-02-11,KOSTAKIS D. KONSTANTINOU,Petrol,1.399,Unleaded 95,TRANSPORT,PETROLINA
2025-02-11,KOSTAKIS D. KONSTANTINOU,Petrol,1.518,Unleaded 98,TRANSPORT,PETROLINA
2025-02-11,KOSTAKIS D. KONSTANTINOU,Diesel,1.54,Diesel,TRANSPORT,PETROLINA
2025-02-11,KOSTAKIS D. KONSTANTINOU,Liquid fuels,1.067,Heating Diesel,"HOUSING, WATER, ELECTRICITY, GAS AND OTHER FUELS",PETROLINA
2025-02-11,KOSTAKIS D. KONSTANTINOU,Liquid fuels,1.12,Kerosene,"HOUSING, WATER, ELECTRICITY, GAS AND OTHER FUELS",PETROLINA
2025-02-11,TROPALI PETROLEUM TWO LTD,Petrol,1.399,Unleaded 95,TRANSPORT,ESSO
2025-02-11,TROPALI PETROLEUM TWO LTD,Petrol,1.489,Unleaded 98,TRANSPORT,ESSO
2025-02-11,TROPALI PETROLEUM TWO LTD,Diesel,1.499,Diesel,TRANSPORT,ESSO
2025-02-11,TROPALI PETROLEUM TWO LTD,Liquid fuels,1.059,Heating Diesel,"HOUSING, WATER, ELECTRICITY, GAS AND OTHER FUELS",ESSO
2025-02-11,TROPALI PETROLEUM TWO LTD,Liquid fuels,1.109,Kerosene,"HOUSING, WATER, ELECTRICITY, GAS AND OTHER FUELS",ESSO
2025-02-11,SIMOS KADI LIMITED,Petrol,1.409,Unleaded 95,TRANSPORT,ESSO
2025-02-11,SIMOS KADI LIMITED,Petrol,1.519,Unleaded 98,TRANSPORT,ESSO
2025-02-11,SIMOS KADI LIMITED,Diesel,1.499,Diesel,TRANSPORT,ESSO
2025-02-11,SIMOS KADI LIMITED,Liquid fuels,1.059,Heating Diesel,"HOUSING, WATER, ELECTRICITY, GAS AND OTHER FUELS",ESSO
2025-02-11,SIMOS KADI LIMITED,Liquid fuels,1.139,Kerosene,"HOUSING, WATER, ELECTRICITY, GAS AND OTHER FUELS",ESSO
2025-02-11,A. PSARAS LTD,Petrol,1.435,Unleaded 95,TRANSPORT,SHELL
2025-02-11,A. PSARAS LTD,Petrol,1.545,Unleaded 98,TRANSPORT,SHELL
2025-02-11,A. PSARAS LTD,Diesel,1.525,Diesel,TRANSPORT,SHELL
2025-02-11,POWERPULLS LIMITED,Petrol,1.435,Unleaded 95,TRANSPORT,PETROLINA
2025-02-11,POWERPULLS LIMITED,Petrol,1.599,Unleaded 98,TRANSPORT,PETROLINA
2025-02-11,POWERPULLS LIMITED,Diesel,1.525,Diesel,TRANSPORT,PETROLINA
2025-02-11,POWERPULLS LIMITED,Liquid fuels,1.067,Heating Diesel,"HOUSING, WATER, ELECTRICITY, GAS AND OTHER FUELS",PETROLINA
2025-02-11,POWERPULLS LIMITED,Liquid fuels,1.099,Kerosene,"HOUSING, WATER, ELECTRICITY, GAS AND OTHER FUELS",PETROLINA
2025-02-11,K. KOFTEROS & G. GEROU LIMITED,Petrol,1.438,Unleaded 95,TRANSPORT,SHELL
2025-02-11,K. KOFTEROS & G. GEROU LIMITED,Petrol,1.558,Unleaded 98,TRANSPORT,SHELL
2025-02-11,K. KOFTEROS & G. GEROU LIMITED,Diesel,1.528,Diesel,TRANSPORT,SHELL
2025-02-11,K. KOFTEROS & G. GEROU LIMITED,Liquid fuels,1.059,Heating Diesel,"HOUSING, WATER, ELECTRICITY, GAS AND OTHER FUELS",SHELL
2025-02-11,ANDREAS DOROTHEOU & YIOI LIMITED,Petrol,1.438,Unleaded 95,TRANSPORT,SHELL
2025-02-11,ANDREAS DOROTHEOU & YIOI LIMITED,Petrol,1.558,Unleaded 98,TRANSPORT,SHELL
2025-02-11,ANDREAS DOROTHEOU & YIOI LIMITED,Diesel,1.529,Diesel,TRANSPORT,SHELL
2025-02-11,ANDREAS DOROTHEOU & YIOI LIMITED,Liquid fuels,1.079,Heating Diesel,"HOUSING, WATER, ELECTRICITY, GAS AND OTHER FUELS",SHELL
2025-02-11,R.A.M. OIL CYPRUS LIMITED,Petrol,1.438,Unleaded 95,TRANSPORT,EKO
2025-02-11,R.A.M. OIL CYPRUS LIMITED,Petrol,1.497,Unleaded 98,TRANSPORT,EKO
2025-02-11,R.A.M. OIL CYPRUS LIMITED,Diesel,1.538,Diesel,TRANSPORT,EKO
2025-02-11,R.A.M. OIL CYPRUS LIMITED,Liquid fuels,1.059,Heating Diesel,"HOUSING, WATER, ELECTRICITY, GAS AND OTHER FUELS",EKO
2025-02-11,R.A.M. OIL CYPRUS LIMITED,Liquid fuels,1.068,Kerosene,"HOUSING, WATER, ELECTRICITY, GAS AND OTHER FUELS",EKO
2025-02-11,A G A PETROL STATION LIMITED,Petrol,1.438,Unleaded 95,TRANSPORT,EKO
2025-02-11,A G A PETROL STATION LIMITED,Petrol,1.486,Unleaded 98,TRANSPORT,EKO
2025-02-11,A G A PETROL STATION LIMITED,Diesel,1.528,Diesel,TRANSPORT,EKO
2025-02-11,A G A PETROL STATION LIMITED,Liquid fuels,1.069,Heating Diesel,"HOUSING, WATER, ELECTRICITY, GAS AND OTHER FUELS",EKO
2025-02-11,A G A PETROL STATION LIMITED,Liquid fuels,1.069,Kerosene,"HOUSING, WATER, ELECTRICITY, GAS AND OTHER FUELS",EKO
2025-02-11,P. & F. ZANTI LIMITED,Petrol,1.439,Unleaded 95,TRANSPORT,ESSO
2025-02-11,P. & F. ZANTI LIMITED,Petrol,1.519,Unleaded 98,TRANSPORT,ESSO
2025-02-11,P. & F. ZANTI LIMITED,Diesel,1.529,Diesel,TRANSPORT,ESSO
2025-02-11,P. & F. ZANTI LIMITED,Liquid fuels,1.059,Heating Diesel,"HOUSING, WATER, ELECTRICITY, GAS AND OTHER FUELS",ESSO
2025-02-11,P. & F. ZANTI LIMITED,Liquid fuels,1.119,Kerosene,"HOUSING, WATER, ELECTRICITY, GAS AND OTHER FUELS",ESSO
2025-02-11,A.C.C. AVRAAM ENTERPRISES LIMITED,Petrol,1.448,Unleaded 95,TRANSPORT,PETROLINA
2025-02-11,A.C.C. AVRAAM ENTERPRISES LIMITED,Petrol,1.514,Unleaded 98,TRANSPORT,PETROLINA
2025-02-11,A.C.C. AVRAAM ENTERPRISES LIMITED,Diesel,1.54,Diesel,TRANSPORT,PETROLINA
2025-02-11,A.C.C. AVRAAM ENTERPRISES LIMITED,Liquid fuels,1.067,Heating Diesel,"HOUSING, WATER, ELECTRICITY, GAS AND OTHER FUELS",PETROLINA
2025-02-11,A.C.C. AVRAAM ENTERPRISES LIMITED,Liquid fuels,1.098,Kerosene,"HOUSING, WATER, ELECTRICITY, GAS AND OTHER FUELS",PETROLINA
2025-02-11,Y2 FUEL SERVICES (CY) LTD,Petrol,1.459,Unleaded 95,TRANSPORT,EKO
2025-02-11,Y2 FUEL SERVICES (CY) LTD,Diesel,1.559,Diesel,TRANSPORT,EKO
2025-02-11,JENKERA LIMITED,Petrol,1.399,Unleaded 95,TRANSPORT,ESSO
2025-02-11,JENKERA LIMITED,Petrol,1.509,Unleaded 98,TRANSPORT,ESSO
2025-02-11,JENKERA LIMITED,Diesel,1.519,Diesel,TRANSPORT,ESSO
2025-02-11,JENKERA LIMITED,Liquid fuels,1.059,Heating Diesel,"HOUSING, WATER, ELECTRICITY, GAS AND OTHER FUELS",ESSO
2025-02-11,JENKERA LIMITED,Liquid fuels,1.099,Kerosene,"HOUSING, WATER, ELECTRICITY, GAS AND OTHER FUELS",ESSO
2025-02-11,STAROIL (CYPRUS) LTD,Petrol,1.399,Unleaded 95,TRANSPORT,STAROIL
2025-02-11,STAROIL (CYPRUS) LTD,Petrol,1.463,Unleaded 98,TRANSPORT,STAROIL
2025-02-11,STAROIL (CYPRUS) LTD,Diesel,1.489,Diesel,TRANSPORT,STAROIL
2025-02-11,STAROIL (CYPRUS) LTD,Liquid fuels,1.023,Heating Diesel,"HOUSING, WATER, ELECTRICITY, GAS AND OTHER FUELS",STAROIL
2025-02-11,STAROIL (CYPRUS) LTD,Liquid fuels,1.056,Kerosene,"HOUSING, WATER, ELECTRICITY, GAS AND OTHER FUELS",STAROIL
2025-02-11,ARISTOS TH. ARISTEIDOU LIMITED,Petrol,1.399,Unleaded 95,TRANSPORT,ESSO
2025-02-11,ARISTOS TH. ARISTEIDOU LIMITED,Petrol,1.519,Unleaded 98,TRANSPORT,ESSO
2025-02-11,ARISTOS TH. ARISTEIDOU LIMITED,Diesel,1.529,Diesel,TRANSPORT,ESSO
2025-02-11,ARISTOS TH. ARISTEIDOU LIMITED,Liquid fuels,1.059,Heating Diesel,"HOUSING, WATER, ELECTRICITY, GAS AND OTHER FUELS",ESSO
2025-02-11,ARISTOS TH. ARISTEIDOU LIMITED,Liquid fuels,1.108,Kerosene,"HOUSING, WATER, ELECTRICITY, GAS AND OTHER FUELS",ESSO
2025-02-11,R.A.M. OIL CYPRUS LIMITED,Petrol,1.399,Unleaded 95,TRANSPORT,EKO
2025-02-11,R.A.M. OIL CYPRUS LIMITED,Petrol,1.497,Unleaded 98,TRANSPORT,EKO
2025-02-11,R.A.M. OIL CYPRUS LIMITED,Diesel,1.489,Diesel,TRANSPORT,EKO
2025-02-11,R.A.M. OIL CYPRUS LIMITED,Liquid fuels,1.059,Heating Diesel,"HOUSING, WATER, ELECTRICITY, GAS AND OTHER FUELS",EKO
2025-02-11,R.A.M. OIL CYPRUS LIMITED,Liquid fuels,1.068,Kerosene,"HOUSING, WATER, ELECTRICITY, GAS AND OTHER FUELS",EKO
2025-02-11,CORAL ENERGY PRODUCTS CYPRUS LTD,Petrol,1.409,Unleaded 95,TRANSPORT,SHELL
2025-02-11,CORAL ENERGY PRODUCTS CYPRUS LTD,Petrol,1.519,Unleaded 98,TRANSPORT,SHELL
2025-02-11,CORAL ENERGY PRODUCTS CYPRUS LTD,Diesel,1.509,Diesel,TRANSPORT,SHELL
2025-02-11,PETROLINA (HOLDINGS) PUBLIC LIMITED,Petrol,1.403,Unleaded 95,TRANSPORT,PETROLINA
2025-02-11,PETROLINA (HOLDINGS) PUBLIC LIMITED,Petrol,1.468,Unleaded 98,TRANSPORT,PETROLINA
2025-02-11,PETROLINA (HOLDINGS) PUBLIC LIMITED,Diesel,1.49,Diesel,TRANSPORT,PETROLINA
2025-02-11,PETROLINA (HOLDINGS) PUBLIC LIMITED,Liquid fuels,1.023,Heating Diesel,"HOUSING, WATER, ELECTRICITY, GAS AND OTHER FUELS",PETROLINA
2025-02-11,PETROLINA (HOLDINGS) PUBLIC LIMITED,Liquid fuels,1.056,Kerosene,"HOUSING, WATER, ELECTRICITY, GAS AND OTHER FUELS",PETROLINA
2025-02-11,PETROLINA (HOLDINGS) PUBLIC LIMITED,Petrol,1.403,Unleaded 95,TRANSPORT,PETROLINA
2025-02-11,PETROLINA (HOLDINGS) PUBLIC LIMITED,Petrol,1.468,Unleaded 98,TRANSPORT,PETROLINA
2025-02-11,PETROLINA (HOLDINGS) PUBLIC LIMITED,Diesel,1.49,Diesel,TRANSPORT,PETROLINA
2025-02-11,PETROLINA (HOLDINGS) PUBLIC LIMITED,Liquid fuels,1.023,Heating Diesel,"HOUSING, WATER, ELECTRICITY, GAS AND OTHER FUELS",PETROLINA
2025-02-11,PETROLINA (HOLDINGS) PUBLIC LIMITED,Liquid fuels,1.056,Kerosene,"HOUSING, WATER, ELECTRICITY, GAS AND OTHER FUELS",PETROLINA
2025-02-11,PETROLINA (HOLDINGS) PUBLIC LIMITED,Petrol,1.403,Unleaded 95,TRANSPORT,PETROLINA
2025-02-11,PETROLINA (HOLDINGS) PUBLIC LIMITED,Petrol,1.468,Unleaded 98,TRANSPORT,PETROLINA
2025-02-11,PETROLINA (HOLDINGS) PUBLIC LIMITED,Diesel,1.49,Diesel,TRANSPORT,PETROLINA
2025-02-11,PETROLINA (HOLDINGS) PUBLIC LIMITED,Liquid fuels,1.023,Heating Diesel,"HOUSING, WATER, ELECTRICITY, GAS AND OTHER FUELS",PETROLINA
2025-02-11,PETROLINA (HOLDINGS) PUBLIC LIMITED,Liquid fuels,1.056,Kerosene,"HOUSING, WATER, ELECTRICITY, GAS AND OTHER FUELS",PETROLINA
2025-02-11,SOFOCLIS PETROL STATION LTD,Petrol,1.419,Unleaded 95,TRANSPORT,SHELL
2025-02-11,SOFOCLIS PETROL STATION LTD,Petrol,1.529,Unleaded 98,TRANSPORT,SHELL
2025-02-11,SOFOCLIS PETROL STATION LTD,Diesel,1.509,Diesel,TRANSPORT,SHELL
2025-02-11,S.L. PETROLEUM SERVICES LTD,Petrol,1.419,Unleaded 95,TRANSPORT,ENI
2025-02-11,S.L. PETROLEUM SERVICES LTD,Petrol,1.485,Unleaded 98,TRANSPORT,ENI
2025-02-11,S.L. PETROLEUM SERVICES LTD,Diesel,1.515,Diesel,TRANSPORT,ENI
2025-02-11,S.L. PETROLEUM SERVICES LTD,Liquid fuels,1.042,Heating Diesel,"HOUSING, WATER, ELECTRICITY, GAS AND OTHER FUELS",ENI
2025-02-11,S.L. PETROLEUM SERVICES LTD,Liquid fuels,1.168,Kerosene,"HOUSING, WATER, ELECTRICITY, GAS AND OTHER FUELS",ENI
2025-02-11,CORAL ENERGY PRODUCTS CYPRUS LTD,Petrol,1.435,Unleaded 95,TRANSPORT,SHELL
2025-02-11,CORAL ENERGY PRODUCTS CYPRUS LTD,Petrol,1.545,Unleaded 98,TRANSPORT,SHELL
2025-02-11,CORAL ENERGY PRODUCTS CYPRUS LTD,Diesel,1.529,Diesel,TRANSPORT,SHELL
2025-02-11,R.A.M. OIL CYPRUS LIMITED,Petrol,1.435,Unleaded 95,TRANSPORT,EKO
2025-02-11,R.A.M. OIL CYPRUS LIMITED,Petrol,1.497,Unleaded 98,TRANSPORT,EKO
2025-02-11,R.A.M. OIL CYPRUS LIMITED,Diesel,1.529,Diesel,TRANSPORT,EKO
2025-02-11,R.A.M. OIL CYPRUS LIMITED,Liquid fuels,1.059,Heating Diesel,"HOUSING, WATER, ELECTRICITY, GAS AND OTHER FUELS",EKO
2025-02-11,R.A.M. OIL CYPRUS LIMITED,Liquid fuels,1.068,Kerosene,"HOUSING, WATER, ELECTRICITY, GAS AND OTHER FUELS",EKO
2025-02-11,PETROLINA (HOLDINGS) PUBLIC LIMITED,Petrol,1.435,Unleaded 95,TRANSPORT,PETROLINA
2025-02-11,PETROLINA (HOLDINGS) PUBLIC LIMITED,Petrol,1.497,Unleaded 98,TRANSPORT,PETROLINA
2025-02-11,PETROLINA (HOLDINGS) PUBLIC LIMITED,Diesel,1.528,Diesel,TRANSPORT,PETROLINA
2025-02-11,PETROLINA (HOLDINGS) PUBLIC LIMITED,Liquid fuels,1.055,Heating Diesel,"HOUSING, WATER, ELECTRICITY, GAS AND OTHER FUELS",PETROLINA
2025-02-11,PETROLINA (HOLDINGS) PUBLIC LIMITED,Liquid fuels,1.073,Kerosene,"HOUSING, WATER, ELECTRICITY, GAS AND OTHER FUELS",PETROLINA
2025-02-11,R.A.M. OIL CYPRUS LIMITED,Petrol,1.435,Unleaded 95,TRANSPORT,EKO
2025-02-11,R.A.M. OIL CYPRUS LIMITED,Petrol,1.497,Unleaded 98,TRANSPORT,EKO
2025-02-11,R.A.M. OIL CYPRUS LIMITED,Diesel,1.535,Diesel,TRANSPORT,EKO
2025-02-11,R.A.M. OIL CYPRUS LIMITED,Liquid fuels,1.059,Heating Diesel,"HOUSING, WATER, ELECTRICITY, GAS AND OTHER FUELS",EKO
2025-02-11,R.A.M. OIL CYPRUS LIMITED,Liquid fuels,1.068,Kerosene,"HOUSING, WATER, ELECTRICITY, GAS AND OTHER FUELS",EKO
2025-02-11,CORAL ENERGY PRODUCTS CYPRUS LTD,Petrol,1.435,Unleaded 95,TRANSPORT,SHELL
2025-02-11,CORAL ENERGY PRODUCTS CYPRUS LTD,Petrol,1.545,Unleaded 98,TRANSPORT,SHELL
2025-02-11,CORAL ENERGY PRODUCTS CYPRUS LTD,Diesel,1.528,Diesel,TRANSPORT,SHELL
2025-02-11,CORAL ENERGY PRODUCTS CYPRUS LTD,Liquid fuels,1.058,Heating Diesel,"HOUSING, WATER, ELECTRICITY, GAS AND OTHER FUELS",SHELL
2025-02-11,PETROLINA (HOLDINGS) PUBLIC LIMITED,Petrol,1.435,Unleaded 95,TRANSPORT,PETROLINA
2025-02-11,PETROLINA (HOLDINGS) PUBLIC LIMITED,Petrol,1.497,Unleaded 98,TRANSPORT,PETROLINA
2025-02-11,PETROLINA (HOLDINGS) PUBLIC LIMITED,Diesel,1.535,Diesel,TRANSPORT,PETROLINA
2025-02-11,PETROLINA (HOLDINGS) PUBLIC LIMITED,Liquid fuels,1.058,Heating Diesel,"HOUSING, WATER, ELECTRICITY, GAS AND OTHER FUELS",PETROLINA
2025-02-11,PETROLINA (HOLDINGS) PUBLIC LIMITED,Liquid fuels,1.068,Kerosene,"HOUSING, WATER, ELECTRICITY, GAS AND OTHER FUELS",PETROLINA
2025-02-11,PETROLINA (HOLDINGS) PUBLIC LIMITED,Petrol,1.435,Unleaded 95,TRANSPORT,PETROLINA
2025-02-11,PETROLINA (HOLDINGS) PUBLIC LIMITED,Petrol,1.497,Unleaded 98,TRANSPORT,PETROLINA
2025-02-11,PETROLINA (HOLDINGS) PUBLIC LIMITED,Diesel,1.528,Diesel,TRANSPORT,PETROLINA
2025-02-11,PETROLINA (HOLDINGS) PUBLIC LIMITED,Liquid fuels,1.055,Heating Diesel,"HOUSING, WATER, ELECTRICITY, GAS AND OTHER FUELS",PETROLINA
2025-02-11,PETROLINA (HOLDINGS) PUBLIC LIMITED,Liquid fuels,1.073,Kerosene,"HOUSING, WATER, ELECTRICITY, GAS AND OTHER FUELS",PETROLINA
2025-02-11,CORAL ENERGY PRODUCTS CYPRUS LTD,Petrol,1.435,Unleaded 95,TRANSPORT,SHELL
2025-02-11,CORAL ENERGY PRODUCTS CYPRUS LTD,Petrol,1.545,Unleaded 98,TRANSPORT,SHELL
2025-02-11,CORAL ENERGY PRODUCTS CYPRUS LTD,Diesel,1.535,Diesel,TRANSPORT,SHELL
2025-02-11,CORAL ENERGY PRODUCTS CYPRUS LTD,Liquid fuels,1.058,Heating Diesel,"HOUSING, WATER, ELECTRICITY, GAS AND OTHER FUELS",SHELL
2025-02-11,CORAL ENERGY PRODUCTS CYPRUS LTD,Liquid fuels,1.097,Kerosene,"HOUSING, WATER, ELECTRICITY, GAS AND OTHER FUELS",SHELL
2025-02-11,A & K PAVLOU TRADING LIMITED,Petrol,1.435,Unleaded 95,TRANSPORT,ESSO
2025-02-11,A & K PAVLOU TRADING LIMITED,Petrol,1.519,Unleaded 98,TRANSPORT,ESSO
2025-02-11,A & K PAVLOU TRADING LIMITED,Diesel,1.535,Diesel,TRANSPORT,ESSO
2025-02-11,A & K PAVLOU TRADING LIMITED,Liquid fuels,1.069,Heating Diesel,"HOUSING, WATER, ELECTRICITY, GAS AND OTHER FUELS",ESSO
2025-02-11,A & K PAVLOU TRADING LIMITED,Liquid fuels,1.199,Kerosene,"HOUSING, WATER, ELECTRICITY, GAS AND OTHER FUELS",ESSO
2025-02-11,R.A.M. OIL CYPRUS LIMITED,Petrol,1.435,Unleaded 95,TRANSPORT,EKO
2025-02-11,R.A.M. OIL CYPRUS LIMITED,Petrol,1.497,Unleaded 98,TRANSPORT,EKO
2025-02-11,R.A.M. OIL CYPRUS LIMITED,Diesel,1.529,Diesel,TRANSPORT,EKO
2025-02-11,R.A.M. OIL CYPRUS LIMITED,Liquid fuels,1.059,Heating Diesel,"HOUSING, WATER, ELECTRICITY, GAS AND OTHER FUELS",EKO
2025-02-11,R.A.M. OIL CYPRUS LIMITED,Liquid fuels,1.068,Kerosene,"HOUSING, WATER, ELECTRICITY, GAS AND OTHER FUELS",EKO
2025-02-11,M.K. GENETHLIOU & YIOI LIMITED,Petrol,1.436,Unleaded 95,TRANSPORT,ESSO
2025-02-11,M.K. GENETHLIOU & YIOI LIMITED,Petrol,1.516,Unleaded 98,TRANSPORT,ESSO
2025-02-11,M.K. GENETHLIOU & YIOI LIMITED,Diesel,1.526,Diesel,TRANSPORT,ESSO
2025-02-11,M.K. GENETHLIOU & YIOI LIMITED,Liquid fuels,1.057,Heating Diesel,"HOUSING, WATER, ELECTRICITY, GAS AND OTHER FUELS",ESSO
2025-02-11,M.K. GENETHLIOU & YIOI LIMITED,Liquid fuels,1.097,Kerosene,"HOUSING, WATER, ELECTRICITY, GAS AND OTHER FUELS",ESSO
2025-02-11,PETROLINA (HOLDINGS) PUBLIC LIMITED,Petrol,1.436,Unleaded 95,TRANSPORT,PETROLINA
2025-02-11,PETROLINA (HOLDINGS) PUBLIC LIMITED,Petrol,1.516,Unleaded 98,TRANSPORT,PETROLINA
2025-02-11,PETROLINA (HOLDINGS) PUBLIC LIMITED,Diesel,1.526,Diesel,TRANSPORT,PETROLINA
2025-02-11,PETROLINA (HOLDINGS) PUBLIC LIMITED,Liquid fuels,1.057,Heating Diesel,"HOUSING, WATER, ELECTRICITY, GAS AND OTHER FUELS",PETROLINA
2025-02-11,PAMBINOS PETROL STATION LIMITED,Petrol,1.436,Unleaded 95,TRANSPORT,EKO
2025-02-11,PAMBINOS PETROL STATION LIMITED,Petrol,1.516,Unleaded 98,TRANSPORT,EKO
2025-02-11,PAMBINOS PETROL STATION LIMITED,Diesel,1.529,Diesel,TRANSPORT,EKO
2025-02-11,PAMBINOS PETROL STATION LIMITED,Liquid fuels,1.081,Heating Diesel,"HOUSING, WATER, ELECTRICITY, GAS AND OTHER FUELS",EKO
2025-02-11,PAMBINOS PETROL STATION LIMITED,Liquid fuels,1.117,Kerosene,"HOUSING, WATER, ELECTRICITY, GAS AND OTHER FUELS",EKO
2025-02-11,LEFKIOS NICOLAOU ENTERPRISES LIMITED,Petrol,1.438,Unleaded 95,TRANSPORT,EKO
2025-02-11,LEFKIOS NICOLAOU ENTERPRISES LIMITED,Petrol,1.497,Unleaded 98,TRANSPORT,EKO
2025-02-11,LEFKIOS NICOLAOU ENTERPRISES LIMITED,Diesel,1.541,Diesel,TRANSPORT,EKO
2025-02-11,LEFKIOS NICOLAOU ENTERPRISES LIMITED,Liquid fuels,1.048,Heating Diesel,"HOUSING, WATER, ELECTRICITY, GAS AND OTHER FUELS",EKO
2025-02-11,LEFKIOS NICOLAOU ENTERPRISES LIMITED,Liquid fuels,1.149,Kerosene,"HOUSING, WATER, ELECTRICITY, GAS AND OTHER FUELS",EKO
2025-02-11,S.K.P. ENTERPRISES LIMITED,Petrol,1.438,Unleaded 95,TRANSPORT,ESSO
2025-02-11,S.K.P. ENTERPRISES LIMITED,Petrol,1.518,Unleaded 98,TRANSPORT,ESSO
2025-02-11,S.K.P. ENTERPRISES LIMITED,Diesel,1.528,Diesel,TRANSPORT,ESSO
2025-02-11,S.K.P. ENTERPRISES LIMITED,Liquid fuels,1.058,Heating Diesel,"HOUSING, WATER, ELECTRICITY, GAS AND OTHER FUELS",ESSO
2025-02-11,S.K.P. ENTERPRISES LIMITED,Liquid fuels,1.076,Kerosene,"HOUSING, WATER, ELECTRICITY, GAS AND OTHER FUELS",ESSO
2025-02-11,R.A.M. OIL CYPRUS LIMITED,Petrol,1.439,Unleaded 95,TRANSPORT,EKO
2025-02-11,R.A.M. OIL CYPRUS LIMITED,Petrol,1.497,Unleaded 98,TRANSPORT,EKO
2025-02-11,R.A.M. OIL CYPRUS LIMITED,Diesel,1.539,Diesel,TRANSPORT,EKO
2025-02-11,R.A.M. OIL CYPRUS LIMITED,Liquid fuels,1.059,Heating Diesel,"HOUSING, WATER, ELECTRICITY, GAS AND OTHER FUELS",EKO
2025-02-11,R.A.M. OIL CYPRUS LIMITED,Liquid fuels,1.068,Kerosene,"HOUSING, WATER, ELECTRICITY, GAS AND OTHER FUELS",EKO
2025-02-11,INDEXICO LIMITED,Petrol,1.439,Unleaded 95,TRANSPORT,SHELL
2025-02-11,INDEXICO LIMITED,Petrol,1.569,Unleaded 98,TRANSPORT,SHELL
2025-02-11,INDEXICO LIMITED,Diesel,1.535,Diesel,TRANSPORT,SHELL
2025-02-11,INDEXICO LIMITED,Liquid fuels,1.055,Heating Diesel,"HOUSING, WATER, ELECTRICITY, GAS AND OTHER FUELS",SHELL
2025-02-11,INDEXICO LIMITED,Liquid fuels,1.097,Kerosene,"HOUSING, WATER, ELECTRICITY, GAS AND OTHER FUELS",SHELL
2025-02-11,E&P PETROL STATION LTD,Petrol,1.439,Unleaded 95,TRANSPORT,ESSO
2025-02-11,E&P PETROL STATION LTD,Petrol,1.519,Unleaded 98,TRANSPORT,ESSO
2025-02-11,E&P PETROL STATION LTD,Diesel,1.529,Diesel,TRANSPORT,ESSO
2025-02-11,E&P PETROL STATION LTD,Liquid fuels,1.059,Heating Diesel,"HOUSING, WATER, ELECTRICITY, GAS AND OTHER FUELS",ESSO
2025-02-11,E&P PETROL STATION LTD,Liquid fuels,1.099,Kerosene,"HOUSING, WATER, ELECTRICITY, GAS AND OTHER FUELS",ESSO
2025-02-11,PETROLINA (HOLDINGS) PUBLIC LIMITED,Petrol,1.439,Unleaded 95,TRANSPORT,PETROLINA
2025-02-11,PETROLINA (HOLDINGS) PUBLIC LIMITED,Petrol,1.518,Unleaded 98,TRANSPORT,PETROLINA
2025-02-11,PETROLINA (HOLDINGS) PUBLIC LIMITED,Diesel,1.529,Diesel,TRANSPORT,PETROLINA
2025-02-11,PETROLINA (HOLDINGS) PUBLIC LIMITED,Liquid fuels,1.059,Heating Diesel,"HOUSING, WATER, ELECTRICITY, GAS AND OTHER FUELS",PETROLINA
2025-02-11,PETROLINA (HOLDINGS) PUBLIC LIMITED,Liquid fuels,1.098,Kerosene,"HOUSING, WATER, ELECTRICITY, GAS AND OTHER FUELS",PETROLINA
2025-02-11,S & K TIGGER TRADING LIMITED,Petrol,1.439,Unleaded 95,TRANSPORT,ESSO
2025-02-11,S & K TIGGER TRADING LIMITED,Petrol,1.519,Unleaded 98,TRANSPORT,ESSO
2025-02-11,S & K TIGGER TRADING LIMITED,Diesel,1.529,Diesel,TRANSPORT,ESSO
2025-02-11,S & K TIGGER TRADING LIMITED,Liquid fuels,1.059,Heating Diesel,"HOUSING, WATER, ELECTRICITY, GAS AND OTHER FUELS",ESSO
2025-02-11,S & K TIGGER TRADING LIMITED,Liquid fuels,1.099,Kerosene,"HOUSING, WATER, ELECTRICITY, GAS AND OTHER FUELS",ESSO
2025-02-11,R.A.M. OIL CYPRUS LIMITED,Petrol,1.439,Unleaded 95,TRANSPORT,EKO
2025-02-11,R.A.M. OIL CYPRUS LIMITED,Petrol,1.497,Unleaded 98,TRANSPORT,EKO
2025-02-11,R.A.M. OIL CYPRUS LIMITED,Diesel,1.539,Diesel,TRANSPORT,EKO
2025-02-11,R.A.M. OIL CYPRUS LIMITED,Liquid fuels,1.059,Heating Diesel,"HOUSING, WATER, ELECTRICITY, GAS AND OTHER FUELS",EKO
2025-02-11,R.A.M. OIL CYPRUS LIMITED,Liquid fuels,1.068,Kerosene,"HOUSING, WATER, ELECTRICITY, GAS AND OTHER FUELS",EKO
2025-02-11,INDEXICO LIMITED,Petrol,1.439,Unleaded 95,TRANSPORT,SHELL
2025-02-11,INDEXICO LIMITED,Petrol,1.569,Unleaded 98,TRANSPORT,SHELL
2025-02-11,INDEXICO LIMITED,Diesel,1.535,Diesel,TRANSPORT,SHELL
2025-02-11,INDEXICO LIMITED,Liquid fuels,1.055,Heating Diesel,"HOUSING, WATER, ELECTRICITY, GAS AND OTHER FUELS",SHELL
2025-02-11,INDEXICO LIMITED,Liquid fuels,1.097,Kerosene,"HOUSING, WATER, ELECTRICITY, GAS AND OTHER FUELS",SHELL
2025-02-11,E&P PETROL STATION LTD,Petrol,1.439,Unleaded 95,TRANSPORT,ESSO
2025-02-11,E&P PETROL STATION LTD,Petrol,1.519,Unleaded 98,TRANSPORT,ESSO
2025-02-11,E&P PETROL STATION LTD,Diesel,1.529,Diesel,TRANSPORT,ESSO
2025-02-11,E&P PETROL STATION LTD,Liquid fuels,1.059,Heating Diesel,"HOUSING, WATER, ELECTRICITY, GAS AND OTHER FUELS",ESSO
2025-02-11,E&P PETROL STATION LTD,Liquid fuels,1.099,Kerosene,"HOUSING, WATER, ELECTRICITY, GAS AND OTHER FUELS",ESSO
2025-02-11,KYRIAKOS KOMPOS & YIOI LIMITED,Petrol,1.449,Unleaded 95,TRANSPORT,SHELL
2025-02-11,KYRIAKOS KOMPOS & YIOI LIMITED,Petrol,1.559,Unleaded 98,TRANSPORT,SHELL
2025-02-11,KYRIAKOS KOMPOS & YIOI LIMITED,Diesel,1.539,Diesel,TRANSPORT,SHELL
2025-02-11,KYRIAKOS KOMPOS & YIOI LIMITED,Liquid fuels,1.069,Heating Diesel,"HOUSING, WATER, ELECTRICITY, GAS AND OTHER FUELS",SHELL
2025-02-11,KYRIAKOS KOMPOS & YIOI LIMITED,Liquid fuels,1.169,Kerosene,"HOUSING, WATER, ELECTRICITY, GAS AND OTHER FUELS",SHELL
2025-02-11,NIKOS S. NIKOLAIDIS LIMITED,Petrol,1.453,Unleaded 95,TRANSPORT,ENI
2025-02-11,NIKOS S. NIKOLAIDIS LIMITED,Petrol,1.518,Unleaded 98,TRANSPORT,ENI
2025-02-11,NIKOS S. NIKOLAIDIS LIMITED,Diesel,1.54,Diesel,TRANSPORT,ENI
2025-02-11,NIKOS S. NIKOLAIDIS LIMITED,Liquid fuels,1.067,Heating Diesel,"HOUSING, WATER, ELECTRICITY, GAS AND OTHER FUELS",ENI
2025-02-11,NIKOS S. NIKOLAIDIS LIMITED,Liquid fuels,1.13,Kerosene,"HOUSING, WATER, ELECTRICITY, GAS AND OTHER FUELS",ENI
2025-02-11,PAMBINOS & SONS LIMITED,Petrol,1.453,Unleaded 95,TRANSPORT,EKO
2025-02-11,PAMBINOS & SONS LIMITED,Petrol,1.518,Unleaded 98,TRANSPORT,EKO
2025-02-11,PAMBINOS & SONS LIMITED,Diesel,1.54,Diesel,TRANSPORT,EKO
2025-02-11,PAMBINOS & SONS LIMITED,Liquid fuels,1.081,Heating Diesel,"HOUSING, WATER, ELECTRICITY, GAS AND OTHER FUELS",EKO
2025-02-11,PAMBINOS & SONS LIMITED,Liquid fuels,1.117,Kerosene,"HOUSING, WATER, ELECTRICITY, GAS AND OTHER FUELS",EKO
2025-02-11,KIKIS P. MICHAILOUDIS LIMITED,Petrol,1.453,Unleaded 95,TRANSPORT,PETROLINA
2025-02-11,KIKIS P. MICHAILOUDIS LIMITED,Petrol,1.518,Unleaded 98,TRANSPORT,PETROLINA
2025-02-11,KIKIS P. MICHAILOUDIS LIMITED,Diesel,1.542,Diesel,TRANSPORT,PETROLINA
2025-02-11,KIKIS P. MICHAILOUDIS LIMITED,Liquid fuels,1.067,Heating Diesel,"HOUSING, WATER, ELECTRICITY, GAS AND OTHER FUELS",PETROLINA
2025-02-11,KIKIS P. MICHAILOUDIS LIMITED,Liquid fuels,1.12,Kerosene,"HOUSING, WATER, ELECTRICITY, GAS AND OTHER FUELS",PETROLINA
2025-02-11,R.A.M. OIL CYPRUS LIMITED,Petrol,1.414,Unleaded 95,TRANSPORT,EKO
2025-02-11,R.A.M. OIL CYPRUS LIMITED,Petrol,1.497,Unleaded 98,TRANSPORT,EKO
2025-02-11,R.A.M. OIL CYPRUS LIMITED,Diesel,1.539,Diesel,TRANSPORT,EKO
2025-02-11,R.A.M. OIL CYPRUS LIMITED,Liquid fuels,1.059,Heating Diesel,"HOUSING, WATER, ELECTRICITY, GAS AND OTHER FUELS",EKO
2025-02-11,R.A.M. OIL CYPRUS LIMITED,Liquid fuels,1.068,Kerosene,"HOUSING, WATER, ELECTRICITY, GAS AND OTHER FUELS",EKO
2025-02-11,CORAL ENERGY PRODUCTS CYPRUS LTD,Petrol,1.414,Unleaded 95,TRANSPORT,SHELL
2025-02-11,CORAL ENERGY PRODUCTS CYPRUS LTD,Petrol,1.524,Unleaded 98,TRANSPORT,SHELL
2025-02-11,CORAL ENERGY PRODUCTS CYPRUS LTD,Diesel,1.537,Diesel,TRANSPORT,SHELL
2025-02-11,CORAL ENERGY PRODUCTS CYPRUS LTD,Liquid fuels,1.058,Heating Diesel,"HOUSING, WATER, ELECTRICITY, GAS AND OTHER FUELS",SHELL
2025-02-11,CORAL ENERGY PRODUCTS CYPRUS LTD,Liquid fuels,1.097,Kerosene,"HOUSING, WATER, ELECTRICITY, GAS AND OTHER FUELS",SHELL
2025-02-11,TRIKENO LTD,Petrol,1.423,Unleaded 95,TRANSPORT,ESSO
2025-02-11,TRIKENO LTD,Petrol,1.497,Unleaded 98,TRANSPORT,ESSO
2025-02-11,TRIKENO LTD,Diesel,1.529,Diesel,TRANSPORT,ESSO
2025-02-11,TRIKENO LTD,Liquid fuels,1.039,Heating Diesel,"HOUSING, WATER, ELECTRICITY, GAS AND OTHER FUELS",ESSO
2025-02-11,TRIKENO LTD,Liquid fuels,1.067,Kerosene,"HOUSING, WATER, ELECTRICITY, GAS AND OTHER FUELS",ESSO
2025-02-11,P1 PETROLEUM LIMITED,Petrol,1.423,Unleaded 95,TRANSPORT,ESSO
2025-02-11,P1 PETROLEUM LIMITED,Petrol,1.509,Unleaded 98,TRANSPORT,ESSO
2025-02-11,P1 PETROLEUM LIMITED,Diesel,1.529,Diesel,TRANSPORT,ESSO
2025-02-11,P1 PETROLEUM LIMITED,Liquid fuels,1.039,Heating Diesel,"HOUSING, WATER, ELECTRICITY, GAS AND OTHER FUELS",ESSO
2025-02-11,P1 PETROLEUM LIMITED,Liquid fuels,1.077,Kerosene,"HOUSING, WATER, ELECTRICITY, GAS AND OTHER FUELS",ESSO
2025-02-11,R.A.M. OIL CYPRUS LIMITED,Petrol,1.423,Unleaded 95,TRANSPORT,EKO
2025-02-11,R.A.M. OIL CYPRUS LIMITED,Petrol,1.497,Unleaded 98,TRANSPORT,EKO
2025-02-11,R.A.M. OIL CYPRUS LIMITED,Diesel,1.529,Diesel,TRANSPORT,EKO
2025-02-11,R.A.M. OIL CYPRUS LIMITED,Liquid fuels,1.059,Heating Diesel,"HOUSING, WATER, ELECTRICITY, GAS AND OTHER FUELS",EKO
2025-02-11,R.A.M. OIL CYPRUS LIMITED,Liquid fuels,1.068,Kerosene,"HOUSING, WATER, ELECTRICITY, GAS AND OTHER FUELS",EKO
2025-02-11,CORAL ENERGY PRODUCTS CYPRUS LTD,Petrol,1.423,Unleaded 95,TRANSPORT,SHELL
2025-02-11,CORAL ENERGY PRODUCTS CYPRUS LTD,Petrol,1.533,Unleaded 98,TRANSPORT,SHELL
2025-02-11,CORAL ENERGY PRODUCTS CYPRUS LTD,Diesel,1.529,Diesel,TRANSPORT,SHELL
2025-02-11,CORAL ENERGY PRODUCTS CYPRUS LTD,Liquid fuels,1.058,Heating Diesel,"HOUSING, WATER, ELECTRICITY, GAS AND OTHER FUELS",SHELL
2025-02-11,CORAL ENERGY PRODUCTS CYPRUS LTD,Liquid fuels,1.097,Kerosene,"HOUSING, WATER, ELECTRICITY, GAS AND OTHER FUELS",SHELL
2025-02-11,M.A.N.I. PANAGIOTOU LTD,Petrol,1.423,Unleaded 95,TRANSPORT,ESSO
2025-02-11,M.A.N.I. PANAGIOTOU LTD,Petrol,1.509,Unleaded 98,TRANSPORT,ESSO
2025-02-11,M.A.N.I. PANAGIOTOU LTD,Diesel,1.529,Diesel,TRANSPORT,ESSO
2025-02-11,M.A.N.I. PANAGIOTOU LTD,Liquid fuels,1.059,Heating Diesel,"HOUSING, WATER, ELECTRICITY, GAS AND OTHER FUELS",ESSO
2025-02-11,M.A.N.I. PANAGIOTOU LTD,Liquid fuels,1.119,Kerosene,"HOUSING, WATER, ELECTRICITY, GAS AND OTHER FUELS",ESSO
2025-02-11,R.A.M. OIL CYPRUS LIMITED,Petrol,1.423,Unleaded 95,TRANSPORT,EKO
2025-02-11,R.A.M. OIL CYPRUS LIMITED,Petrol,1.497,Unleaded 98,TRANSPORT,EKO
2025-02-11,R.A.M. OIL CYPRUS LIMITED,Diesel,1.529,Diesel,TRANSPORT,EKO
2025-02-11,R.A.M. OIL CYPRUS LIMITED,Liquid fuels,1.059,Heating Diesel,"HOUSING, WATER, ELECTRICITY, GAS AND OTHER FUELS",EKO
2025-02-11,R.A.M. OIL CYPRUS LIMITED,Liquid fuels,1.068,Kerosene,"HOUSING, WATER, ELECTRICITY, GAS AND OTHER FUELS",EKO
2025-02-11,R.A.M. OIL CYPRUS LIMITED,Petrol,1.423,Unleaded 95,TRANSPORT,EKO
2025-02-11,R.A.M. OIL CYPRUS LIMITED,Petrol,1.497,Unleaded 98,TRANSPORT,EKO
2025-02-11,R.A.M. OIL CYPRUS LIMITED,Diesel,1.529,Diesel,TRANSPORT,EKO
2025-02-11,R.A.M. OIL CYPRUS LIMITED,Liquid fuels,1.059,Heating Diesel,"HOUSING, WATER, ELECTRICITY, GAS AND OTHER FUELS",EKO
2025-02-11,R.A.M. OIL CYPRUS LIMITED,Liquid fuels,1.068,Kerosene,"HOUSING, WATER, ELECTRICITY, GAS AND OTHER FUELS",EKO
2025-02-11,P2 PETROLEUM LIMITED,Petrol,1.423,Unleaded 95,TRANSPORT,ESSO
2025-02-11,P2 PETROLEUM LIMITED,Petrol,1.509,Unleaded 98,TRANSPORT,ESSO
2025-02-11,P2 PETROLEUM LIMITED,Diesel,1.529,Diesel,TRANSPORT,ESSO
2025-02-11,P2 PETROLEUM LIMITED,Liquid fuels,1.039,Heating Diesel,"HOUSING, WATER, ELECTRICITY, GAS AND OTHER FUELS",ESSO
2025-02-11,P2 PETROLEUM LIMITED,Liquid fuels,1.077,Kerosene,"HOUSING, WATER, ELECTRICITY, GAS AND OTHER FUELS",ESSO
2025-02-11,R.A.M. OIL CYPRUS LIMITED,Petrol,1.423,Unleaded 95,TRANSPORT,EKO
2025-02-11,R.A.M. OIL CYPRUS LIMITED,Petrol,1.497,Unleaded 98,TRANSPORT,EKO
2025-02-11,R.A.M. OIL CYPRUS LIMITED,Diesel,1.529,Diesel,TRANSPORT,EKO
2025-02-11,R.A.M. OIL CYPRUS LIMITED,Liquid fuels,1.059,Heating Diesel,"HOUSING, WATER, ELECTRICITY, GAS AND OTHER FUELS",EKO
2025-02-11,R.A.M. OIL CYPRUS LIMITED,Liquid fuels,1.068,Kerosene,"HOUSING, WATER, ELECTRICITY, GAS AND OTHER FUELS",EKO
2025-02-11,PETROLINA (HOLDINGS) PUBLIC LIMITED,Petrol,1.433,Unleaded 95,TRANSPORT,PETROLINA
2025-02-11,PETROLINA (HOLDINGS) PUBLIC LIMITED,Petrol,1.498,Unleaded 98,TRANSPORT,PETROLINA
2025-02-11,PETROLINA (HOLDINGS) PUBLIC LIMITED,Diesel,1.52,Diesel,TRANSPORT,PETROLINA
2025-02-11,PETROLINA (HOLDINGS) PUBLIC LIMITED,Liquid fuels,1.067,Heating Diesel,"HOUSING, WATER, ELECTRICITY, GAS AND OTHER FUELS",PETROLINA
2025-02-11,PETROLINA (HOLDINGS) PUBLIC LIMITED,Liquid fuels,1.098,Kerosene,"HOUSING, WATER, ELECTRICITY, GAS AND OTHER FUELS",PETROLINA
2025-02-11,STAUROS KARAGIANNAS LIMITED,Petrol,1.452,Unleaded 95,TRANSPORT,PETROLINA
2025-02-11,STAUROS KARAGIANNAS LIMITED,Petrol,1.516,Unleaded 98,TRANSPORT,PETROLINA
2025-02-11,STAUROS KARAGIANNAS LIMITED,Diesel,1.54,Diesel,TRANSPORT,PETROLINA
2025-02-11,STAUROS KARAGIANNAS LIMITED,Liquid fuels,1.109,Kerosene,"HOUSING, WATER, ELECTRICITY, GAS AND OTHER FUELS",PETROLINA
2025-02-11,KOSTAS SOTIRIOU & YIOS (STATHMOS VENZINIS) LIMITED,Petrol,1.453,Unleaded 95,TRANSPORT,PETROLINA
2025-02-11,KOSTAS SOTIRIOU & YIOS (STATHMOS VENZINIS) LIMITED,Petrol,1.548,Unleaded 98,TRANSPORT,PETROLINA
2025-02-11,KOSTAS SOTIRIOU & YIOS (STATHMOS VENZINIS) LIMITED,Diesel,1.545,Diesel,TRANSPORT,PETROLINA
2025-02-11,KOSTAS SOTIRIOU & YIOS (STATHMOS VENZINIS) LIMITED,Liquid fuels,1.179,Heating Diesel,"HOUSING, WATER, ELECTRICITY, GAS AND OTHER FUELS",PETROLINA
2025-02-11,KOSTAS SOTIRIOU & YIOS (STATHMOS VENZINIS) LIMITED,Liquid fuels,1.199,Kerosene,"HOUSING, WATER, ELECTRICITY, GAS AND OTHER FUELS",PETROLINA
2025-02-11,PETROLINA (HOLDINGS) PUBLIC LIMITED,Petrol,1.453,Unleaded 95,TRANSPORT,PETROLINA
2025-02-11,PETROLINA (HOLDINGS) PUBLIC LIMITED,Petrol,1.518,Unleaded 98,TRANSPORT,PETROLINA
2025-02-11,PETROLINA (HOLDINGS) PUBLIC LIMITED,Diesel,1.54,Diesel,TRANSPORT,PETROLINA
2025-02-11,PETROLINA (HOLDINGS) PUBLIC LIMITED,Liquid fuels,1.067,Heating Diesel,"HOUSING, WATER, ELECTRICITY, GAS AND OTHER FUELS",PETROLINA
2025-02-11,PETROLINA (HOLDINGS) PUBLIC LIMITED,Liquid fuels,1.098,Kerosene,"HOUSING, WATER, ELECTRICITY, GAS AND OTHER FUELS",PETROLINA
2025-02-11,PETROLINA (HOLDINGS) PUBLIC LIMITED,Petrol,1.453,Unleaded 95,TRANSPORT,PETROLINA
2025-02-11,PETROLINA (HOLDINGS) PUBLIC LIMITED,Petrol,1.518,Unleaded 98,TRANSPORT,PETROLINA
2025-02-11,PETROLINA (HOLDINGS) PUBLIC LIMITED,Diesel,1.54,Diesel,TRANSPORT,PETROLINA
2025-02-11,PETROLINA (HOLDINGS) PUBLIC LIMITED,Liquid fuels,1.067,Heating Diesel,"HOUSING, WATER, ELECTRICITY, GAS AND OTHER FUELS",PETROLINA
2025-02-11,PETROLINA (HOLDINGS) PUBLIC LIMITED,Liquid fuels,1.098,Kerosene,"HOUSING, WATER, ELECTRICITY, GAS AND OTHER FUELS",PETROLINA
2025-02-11,KALL-ENI CITY GAS STATION LTD,Petrol,1.453,Unleaded 95,TRANSPORT,ENI
2025-02-11,KALL-ENI CITY GAS STATION LTD,Petrol,1.518,Unleaded 98,TRANSPORT,ENI
2025-02-11,KALL-ENI CITY GAS STATION LTD,Diesel,1.54,Diesel,TRANSPORT,ENI
2025-02-11,KALL-ENI CITY GAS STATION LTD,Liquid fuels,1.098,Kerosene,"HOUSING, WATER, ELECTRICITY, GAS AND OTHER FUELS",ENI
2025-02-11,GEORGIA NIKOLAOU LTD,Petrol,1.453,Unleaded 95,TRANSPORT,PETROLINA
2025-02-11,GEORGIA NIKOLAOU LTD,Petrol,1.518,Unleaded 98,TRANSPORT,PETROLINA
2025-02-11,GEORGIA NIKOLAOU LTD,Diesel,1.539,Diesel,TRANSPORT,PETROLINA
2025-02-11,GEORGIA NIKOLAOU LTD,Liquid fuels,1.066,Heating Diesel,"HOUSING, WATER, ELECTRICITY, GAS AND OTHER FUELS",PETROLINA
2025-02-11,GEORGIA NIKOLAOU LTD,Liquid fuels,1.097,Kerosene,"HOUSING, WATER, ELECTRICITY, GAS AND OTHER FUELS",PETROLINA
2025-02-11,PETROLINA (HOLDINGS) PUBLIC LIMITED,Petrol,1.447,Unleaded 95,TRANSPORT,PETROLINA
2025-02-11,PETROLINA (HOLDINGS) PUBLIC LIMITED,Petrol,1.518,Unleaded 98,TRANSPORT,PETROLINA
2025-02-11,PETROLINA (HOLDINGS) PUBLIC LIMITED,Diesel,1.54,Diesel,TRANSPORT,PETROLINA
2025-02-11,PETROLINA (HOLDINGS) PUBLIC LIMITED,Liquid fuels,1.067,Heating Diesel,"HOUSING, WATER, ELECTRICITY, GAS AND OTHER FUELS",PETROLINA
2025-02-11,PETROLINA (HOLDINGS) PUBLIC LIMITED,Liquid fuels,1.098,Kerosene,"HOUSING, WATER, ELECTRICITY, GAS AND OTHER FUELS",PETROLINA
2025-02-11,CORAL ENERGY PRODUCTS CYPRUS LTD,Petrol,1.448,Unleaded 95,TRANSPORT,SHELL
2025-02-11,CORAL ENERGY PRODUCTS CYPRUS LTD,Petrol,1.558,Unleaded 98,TRANSPORT,SHELL
2025-02-11,CORAL ENERGY PRODUCTS CYPRUS LTD,Diesel,1.538,Diesel,TRANSPORT,SHELL
2025-02-11,CORAL ENERGY PRODUCTS CYPRUS LTD,Liquid fuels,1.058,Heating Diesel,"HOUSING, WATER, ELECTRICITY, GAS AND OTHER FUELS",SHELL
2025-02-11,"""ADELFOI KOURIDI LIMITED""",Petrol,1.449,Unleaded 95,TRANSPORT,ESSO
2025-02-11,"""ADELFOI KOURIDI LIMITED""",Petrol,1.525,Unleaded 98,TRANSPORT,ESSO
2025-02-11,"""ADELFOI KOURIDI LIMITED""",Diesel,1.539,Diesel,TRANSPORT,ESSO
2025-02-11,"""ADELFOI KOURIDI LIMITED""",Liquid fuels,1.065,Heating Diesel,"HOUSING, WATER, ELECTRICITY, GAS AND OTHER FUELS",ESSO
2025-02-11,"""ADELFOI KOURIDI LIMITED""",Liquid fuels,1.105,Kerosene,"HOUSING, WATER, ELECTRICITY, GAS AND OTHER FUELS",ESSO
2025-02-11,R.A.M. OIL CYPRUS LIMITED,Petrol,1.449,Unleaded 95,TRANSPORT,EKO
2025-02-11,R.A.M. OIL CYPRUS LIMITED,Petrol,1.499,Unleaded 98,TRANSPORT,EKO
2025-02-11,R.A.M. OIL CYPRUS LIMITED,Diesel,1.539,Diesel,TRANSPORT,EKO
2025-02-11,R.A.M. OIL CYPRUS LIMITED,Liquid fuels,1.059,Heating Diesel,"HOUSING, WATER, ELECTRICITY, GAS AND OTHER FUELS",EKO
2025-02-11,R.A.M. OIL CYPRUS LIMITED,Liquid fuels,1.068,Kerosene,"HOUSING, WATER, ELECTRICITY, GAS AND OTHER FUELS",EKO
2025-02-11,ANDREAS M. KOMMATOS LIMITED,Petrol,1.449,Unleaded 95,TRANSPORT,EKO
2025-02-11,ANDREAS M. KOMMATOS LIMITED,Petrol,1.499,Unleaded 98,TRANSPORT,EKO
2025-02-11,ANDREAS M. KOMMATOS LIMITED,Diesel,1.539,Diesel,TRANSPORT,EKO
2025-02-11,ANDREAS M. KOMMATOS LIMITED,Liquid fuels,1.06,Heating Diesel,"HOUSING, WATER, ELECTRICITY, GAS AND OTHER FUELS",EKO
2025-02-11,ANDREAS M. KOMMATOS LIMITED,Liquid fuels,1.099,Kerosene,"HOUSING, WATER, ELECTRICITY, GAS AND OTHER FUELS",EKO
2025-02-11,CHARILAOS DANIIL LIMITED,Petrol,1.449,Unleaded 95,TRANSPORT,ESSO
2025-02-11,CHARILAOS DANIIL LIMITED,Petrol,1.529,Unleaded 98,TRANSPORT,ESSO
2025-02-11,CHARILAOS DANIIL LIMITED,Diesel,1.539,Diesel,TRANSPORT,ESSO
2025-02-11,CHARILAOS DANIIL LIMITED,Liquid fuels,1.069,Heating Diesel,"HOUSING, WATER, ELECTRICITY, GAS AND OTHER FUELS",ESSO
2025-02-11,CHARILAOS DANIIL LIMITED,Liquid fuels,1.109,Kerosene,"HOUSING, WATER, ELECTRICITY, GAS AND OTHER FUELS",ESSO
2025-02-11,J.K PETROL STATION AND CARWASH LTD,Petrol,1.452,Unleaded 95,TRANSPORT,EKO
2025-02-11,J.K PETROL STATION AND CARWASH LTD,Petrol,1.518,Unleaded 98,TRANSPORT,EKO
2025-02-11,J.K PETROL STATION AND CARWASH LTD,Diesel,1.539,Diesel,TRANSPORT,EKO
2025-02-11,J.K PETROL STATION AND CARWASH LTD,Liquid fuels,1.069,Heating Diesel,"HOUSING, WATER, ELECTRICITY, GAS AND OTHER FUELS",EKO
2025-02-11,J.K PETROL STATION AND CARWASH LTD,Liquid fuels,1.119,Kerosene,"HOUSING, WATER, ELECTRICITY, GAS AND OTHER FUELS",EKO
2025-02-11,SPLS TRADING CO LIMITED,Petrol,1.453,Unleaded 95,TRANSPORT,ESSO
2025-02-11,SPLS TRADING CO LIMITED,Petrol,1.519,Unleaded 98,TRANSPORT,ESSO
2025-02-11,SPLS TRADING CO LIMITED,Diesel,1.549,Diesel,TRANSPORT,ESSO
2025-02-11,SPLS TRADING CO LIMITED,Liquid fuels,1.059,Heating Diesel,"HOUSING, WATER, ELECTRICITY, GAS AND OTHER FUELS",ESSO
2025-02-11,SPLS TRADING CO LIMITED,Liquid fuels,1.099,Kerosene,"HOUSING, WATER, ELECTRICITY, GAS AND OTHER FUELS",ESSO
2025-02-12,R.A.M. OIL CYPRUS LIMITED,Petrol,1.373,Unleaded 95,TRANSPORT,EKO
2025-02-12,R.A.M. OIL CYPRUS LIMITED,Petrol,1.497,Unleaded 98,TRANSPORT,EKO
2025-02-12,R.A.M. OIL CYPRUS LIMITED,Diesel,1.454,Diesel,TRANSPORT,EKO
2025-02-12,R.A.M. OIL CYPRUS LIMITED,Liquid fuels,0.999,Heating Diesel,"HOUSING, WATER, ELECTRICITY, GAS AND OTHER FUELS",EKO
2025-02-12,R.A.M. OIL CYPRUS LIMITED,Liquid fuels,1.068,Kerosene,"HOUSING, WATER, ELECTRICITY, GAS AND OTHER FUELS",EKO
2025-02-12,ADELFOI P & P CHRISTODOULOU LIMITED,Petrol,1.373,Unleaded 95,TRANSPORT,PETROLINA
2025-02-12,ADELFOI P & P CHRISTODOULOU LIMITED,Petrol,1.434,Unleaded 98,TRANSPORT,PETROLINA
2025-02-12,ADELFOI P & P CHRISTODOULOU LIMITED,Diesel,1.454,Diesel,TRANSPORT,PETROLINA
2025-02-12,ADELFOI P & P CHRISTODOULOU LIMITED,Liquid fuels,0.999,Heating Diesel,"HOUSING, WATER, ELECTRICITY, GAS AND OTHER FUELS",PETROLINA
2025-02-12,ADELFOI P & P CHRISTODOULOU LIMITED,Liquid fuels,1.035,Kerosene,"HOUSING, WATER, ELECTRICITY, GAS AND OTHER FUELS",PETROLINA
2025-02-12,D. KTORIDIS & YIOS LTD,Petrol,1.373,Unleaded 95,TRANSPORT,PETROLINA
2025-02-12,D. KTORIDIS & YIOS LTD,Petrol,1.434,Unleaded 98,TRANSPORT,PETROLINA
2025-02-12,D. KTORIDIS & YIOS LTD,Diesel,1.454,Diesel,TRANSPORT,PETROLINA
2025-02-12,D. KTORIDIS & YIOS LTD,Liquid fuels,0.999,Heating Diesel,"HOUSING, WATER, ELECTRICITY, GAS AND OTHER FUELS",PETROLINA
2025-02-12,D. KTORIDIS & YIOS LTD,Liquid fuels,1.029,Kerosene,"HOUSING, WATER, ELECTRICITY, GAS AND OTHER FUELS",PETROLINA
2025-02-12,R.A.M. OIL CYPRUS LIMITED,Petrol,1.373,Unleaded 95,TRANSPORT,EKO
2025-02-12,R.A.M. OIL CYPRUS LIMITED,Petrol,1.497,Unleaded 98,TRANSPORT,EKO
2025-02-12,R.A.M. OIL CYPRUS LIMITED,Diesel,1.459,Diesel,TRANSPORT,EKO
2025-02-12,R.A.M. OIL CYPRUS LIMITED,Liquid fuels,0.999,Heating Diesel,"HOUSING, WATER, ELECTRICITY, GAS AND OTHER FUELS",EKO
2025-02-12,R.A.M. OIL CYPRUS LIMITED,Liquid fuels,1.068,Kerosene,"HOUSING, WATER, ELECTRICITY, GAS AND OTHER FUELS",EKO
2025-02-12,PETROLINA (HOLDINGS) PUBLIC LIMITED,Petrol,1.389,Unleaded 95,TRANSPORT,PETROLINA
2025-02-12,PETROLINA (HOLDINGS) PUBLIC LIMITED,Petrol,1.479,Unleaded 98,TRANSPORT,PETROLINA
2025-02-12,PETROLINA (HOLDINGS) PUBLIC LIMITED,Diesel,1.479,Diesel,TRANSPORT,PETROLINA
2025-02-12,PETROLINA (HOLDINGS) PUBLIC LIMITED,Liquid fuels,1.067,Heating Diesel,"HOUSING, WATER, ELECTRICITY, GAS AND OTHER FUELS",PETROLINA
2025-02-12,PETROLINA (HOLDINGS) PUBLIC LIMITED,Liquid fuels,1.098,Kerosene,"HOUSING, WATER, ELECTRICITY, GAS AND OTHER FUELS",PETROLINA
2025-02-12,KOSTAKIS D. KONSTANTINOU,Petrol,1.399,Unleaded 95,TRANSPORT,PETROLINA
2025-02-12,KOSTAKIS D. KONSTANTINOU,Petrol,1.518,Unleaded 98,TRANSPORT,PETROLINA
2025-02-12,KOSTAKIS D. KONSTANTINOU,Diesel,1.54,Diesel,TRANSPORT,PETROLINA
2025-02-12,KOSTAKIS D. KONSTANTINOU,Liquid fuels,1.067,Heating Diesel,"HOUSING, WATER, ELECTRICITY, GAS AND OTHER FUELS",PETROLINA
2025-02-12,KOSTAKIS D. KONSTANTINOU,Liquid fuels,1.12,Kerosene,"HOUSING, WATER, ELECTRICITY, GAS AND OTHER FUELS",PETROLINA
2025-02-12,TROPALI PETROLEUM TWO LTD,Petrol,1.399,Unleaded 95,TRANSPORT,ESSO
2025-02-12,TROPALI PETROLEUM TWO LTD,Petrol,1.489,Unleaded 98,TRANSPORT,ESSO
2025-02-12,TROPALI PETROLEUM TWO LTD,Diesel,1.499,Diesel,TRANSPORT,ESSO
2025-02-12,TROPALI PETROLEUM TWO LTD,Liquid fuels,1.059,Heating Diesel,"HOUSING, WATER, ELECTRICITY, GAS AND OTHER FUELS",ESSO
2025-02-12,TROPALI PETROLEUM TWO LTD,Liquid fuels,1.109,Kerosene,"HOUSING, WATER, ELECTRICITY, GAS AND OTHER FUELS",ESSO
2025-02-12,SIMOS KADI LIMITED,Petrol,1.409,Unleaded 95,TRANSPORT,ESSO
2025-02-12,SIMOS KADI LIMITED,Petrol,1.519,Unleaded 98,TRANSPORT,ESSO
2025-02-12,SIMOS KADI LIMITED,Diesel,1.499,Diesel,TRANSPORT,ESSO
2025-02-12,SIMOS KADI LIMITED,Liquid fuels,1.059,Heating Diesel,"HOUSING, WATER, ELECTRICITY, GAS AND OTHER FUELS",ESSO
2025-02-12,SIMOS KADI LIMITED,Liquid fuels,1.139,Kerosene,"HOUSING, WATER, ELECTRICITY, GAS AND OTHER FUELS",ESSO
2025-02-12,A. PSARAS LTD,Petrol,1.435,Unleaded 95,TRANSPORT,SHELL
2025-02-12,A. PSARAS LTD,Petrol,1.545,Unleaded 98,TRANSPORT,SHELL
2025-02-12,A. PSARAS LTD,Diesel,1.525,Diesel,TRANSPORT,SHELL
2025-02-12,POWERPULLS LIMITED,Petrol,1.435,Unleaded 95,TRANSPORT,PETROLINA
2025-02-12,POWERPULLS LIMITED,Petrol,1.599,Unleaded 98,TRANSPORT,PETROLINA
2025-02-12,POWERPULLS LIMITED,Diesel,1.525,Diesel,TRANSPORT,PETROLINA
2025-02-12,POWERPULLS LIMITED,Liquid fuels,1.067,Heating Diesel,"HOUSING, WATER, ELECTRICITY, GAS AND OTHER FUELS",PETROLINA
2025-02-12,POWERPULLS LIMITED,Liquid fuels,1.099,Kerosene,"HOUSING, WATER, ELECTRICITY, GAS AND OTHER FUELS",PETROLINA
2025-02-12,K. KOFTEROS & G. GEROU LIMITED,Petrol,1.438,Unleaded 95,TRANSPORT,SHELL
2025-02-12,K. KOFTEROS & G. GEROU LIMITED,Petrol,1.558,Unleaded 98,TRANSPORT,SHELL
2025-02-12,K. KOFTEROS & G. GEROU LIMITED,Diesel,1.528,Diesel,TRANSPORT,SHELL
2025-02-12,K. KOFTEROS & G. GEROU LIMITED,Liquid fuels,1.059,Heating Diesel,"HOUSING, WATER, ELECTRICITY, GAS AND OTHER FUELS",SHELL
2025-02-12,ANDREAS DOROTHEOU & YIOI LIMITED,Petrol,1.438,Unleaded 95,TRANSPORT,SHELL
2025-02-12,ANDREAS DOROTHEOU & YIOI LIMITED,Petrol,1.558,Unleaded 98,TRANSPORT,SHELL
2025-02-12,ANDREAS DOROTHEOU & YIOI LIMITED,Diesel,1.529,Diesel,TRANSPORT,SHELL
2025-02-12,ANDREAS DOROTHEOU & YIOI LIMITED,Liquid fuels,1.079,Heating Diesel,"HOUSING, WATER, ELECTRICITY, GAS AND OTHER FUELS",SHELL
2025-02-12,R.A.M. OIL CYPRUS LIMITED,Petrol,1.438,Unleaded 95,TRANSPORT,EKO
2025-02-12,R.A.M. OIL CYPRUS LIMITED,Petrol,1.497,Unleaded 98,TRANSPORT,EKO
2025-02-12,R.A.M. OIL CYPRUS LIMITED,Diesel,1.538,Diesel,TRANSPORT,EKO
2025-02-12,R.A.M. OIL CYPRUS LIMITED,Liquid fuels,1.059,Heating Diesel,"HOUSING, WATER, ELECTRICITY, GAS AND OTHER FUELS",EKO
2025-02-12,R.A.M. OIL CYPRUS LIMITED,Liquid fuels,1.068,Kerosene,"HOUSING, WATER, ELECTRICITY, GAS AND OTHER FUELS",EKO
2025-02-12,A G A PETROL STATION LIMITED,Petrol,1.438,Unleaded 95,TRANSPORT,EKO
2025-02-12,A G A PETROL STATION LIMITED,Petrol,1.486,Unleaded 98,TRANSPORT,EKO
2025-02-12,A G A PETROL STATION LIMITED,Diesel,1.528,Diesel,TRANSPORT,EKO
2025-02-12,A G A PETROL STATION LIMITED,Liquid fuels,1.069,Heating Diesel,"HOUSING, WATER, ELECTRICITY, GAS AND OTHER FUELS",EKO
2025-02-12,A G A PETROL STATION LIMITED,Liquid fuels,1.069,Kerosene,"HOUSING, WATER, ELECTRICITY, GAS AND OTHER FUELS",EKO
2025-02-12,P. & F. ZANTI LIMITED,Petrol,1.439,Unleaded 95,TRANSPORT,ESSO
2025-02-12,P. & F. ZANTI LIMITED,Petrol,1.519,Unleaded 98,TRANSPORT,ESSO
2025-02-12,P. & F. ZANTI LIMITED,Diesel,1.529,Diesel,TRANSPORT,ESSO
2025-02-12,P. & F. ZANTI LIMITED,Liquid fuels,1.059,Heating Diesel,"HOUSING, WATER, ELECTRICITY, GAS AND OTHER FUELS",ESSO
2025-02-12,P. & F. ZANTI LIMITED,Liquid fuels,1.119,Kerosene,"HOUSING, WATER, ELECTRICITY, GAS AND OTHER FUELS",ESSO
2025-02-12,A.C.C. AVRAAM ENTERPRISES LIMITED,Petrol,1.448,Unleaded 95,TRANSPORT,PETROLINA
2025-02-12,A.C.C. AVRAAM ENTERPRISES LIMITED,Petrol,1.514,Unleaded 98,TRANSPORT,PETROLINA
2025-02-12,A.C.C. AVRAAM ENTERPRISES LIMITED,Diesel,1.54,Diesel,TRANSPORT,PETROLINA
2025-02-12,A.C.C. AVRAAM ENTERPRISES LIMITED,Liquid fuels,1.067,Heating Diesel,"HOUSING, WATER, ELECTRICITY, GAS AND OTHER FUELS",PETROLINA
2025-02-12,A.C.C. AVRAAM ENTERPRISES LIMITED,Liquid fuels,1.098,Kerosene,"HOUSING, WATER, ELECTRICITY, GAS AND OTHER FUELS",PETROLINA
2025-02-12,Y2 FUEL SERVICES (CY) LTD,Petrol,1.459,Unleaded 95,TRANSPORT,EKO
2025-02-12,Y2 FUEL SERVICES (CY) LTD,Diesel,1.559,Diesel,TRANSPORT,EKO
2025-02-12,JENKERA LIMITED,Petrol,1.399,Unleaded 95,TRANSPORT,ESSO
2025-02-12,JENKERA LIMITED,Petrol,1.509,Unleaded 98,TRANSPORT,ESSO
2025-02-12,JENKERA LIMITED,Diesel,1.519,Diesel,TRANSPORT,ESSO
2025-02-12,JENKERA LIMITED,Liquid fuels,1.059,Heating Diesel,"HOUSING, WATER, ELECTRICITY, GAS AND OTHER FUELS",ESSO
2025-02-12,JENKERA LIMITED,Liquid fuels,1.099,Kerosene,"HOUSING, WATER, ELECTRICITY, GAS AND OTHER FUELS",ESSO
2025-02-12,STAROIL (CYPRUS) LTD,Petrol,1.399,Unleaded 95,TRANSPORT,STAROIL
2025-02-12,STAROIL (CYPRUS) LTD,Petrol,1.463,Unleaded 98,TRANSPORT,STAROIL
2025-02-12,STAROIL (CYPRUS) LTD,Diesel,1.489,Diesel,TRANSPORT,STAROIL
2025-02-12,STAROIL (CYPRUS) LTD,Liquid fuels,1.023,Heating Diesel,"HOUSING, WATER, ELECTRICITY, GAS AND OTHER FUELS",STAROIL
2025-02-12,STAROIL (CYPRUS) LTD,Liquid fuels,1.056,Kerosene,"HOUSING, WATER, ELECTRICITY, GAS AND OTHER FUELS",STAROIL
2025-02-12,ARISTOS TH. ARISTEIDOU LIMITED,Petrol,1.399,Unleaded 95,TRANSPORT,ESSO
2025-02-12,ARISTOS TH. ARISTEIDOU LIMITED,Petrol,1.519,Unleaded 98,TRANSPORT,ESSO
2025-02-12,ARISTOS TH. ARISTEIDOU LIMITED,Diesel,1.535,Diesel,TRANSPORT,ESSO
2025-02-12,ARISTOS TH. ARISTEIDOU LIMITED,Liquid fuels,1.059,Heating Diesel,"HOUSING, WATER, ELECTRICITY, GAS AND OTHER FUELS",ESSO
2025-02-12,ARISTOS TH. ARISTEIDOU LIMITED,Liquid fuels,1.108,Kerosene,"HOUSING, WATER, ELECTRICITY, GAS AND OTHER FUELS",ESSO
2025-02-12,R.A.M. OIL CYPRUS LIMITED,Petrol,1.399,Unleaded 95,TRANSPORT,EKO
2025-02-12,R.A.M. OIL CYPRUS LIMITED,Petrol,1.497,Unleaded 98,TRANSPORT,EKO
2025-02-12,R.A.M. OIL CYPRUS LIMITED,Diesel,1.489,Diesel,TRANSPORT,EKO
2025-02-12,R.A.M. OIL CYPRUS LIMITED,Liquid fuels,1.059,Heating Diesel,"HOUSING, WATER, ELECTRICITY, GAS AND OTHER FUELS",EKO
2025-02-12,R.A.M. OIL CYPRUS LIMITED,Liquid fuels,1.068,Kerosene,"HOUSING, WATER, ELECTRICITY, GAS AND OTHER FUELS",EKO
2025-02-12,CORAL ENERGY PRODUCTS CYPRUS LTD,Petrol,1.399,Unleaded 95,TRANSPORT,SHELL
2025-02-12,CORAL ENERGY PRODUCTS CYPRUS LTD,Petrol,1.509,Unleaded 98,TRANSPORT,SHELL
2025-02-12,CORAL ENERGY PRODUCTS CYPRUS LTD,Diesel,1.499,Diesel,TRANSPORT,SHELL
2025-02-12,PETROLINA (HOLDINGS) PUBLIC LIMITED,Petrol,1.403,Unleaded 95,TRANSPORT,PETROLINA
2025-02-12,PETROLINA (HOLDINGS) PUBLIC LIMITED,Petrol,1.468,Unleaded 98,TRANSPORT,PETROLINA
2025-02-12,PETROLINA (HOLDINGS) PUBLIC LIMITED,Diesel,1.49,Diesel,TRANSPORT,PETROLINA
2025-02-12,PETROLINA (HOLDINGS) PUBLIC LIMITED,Liquid fuels,1.023,Heating Diesel,"HOUSING, WATER, ELECTRICITY, GAS AND OTHER FUELS",PETROLINA
2025-02-12,PETROLINA (HOLDINGS) PUBLIC LIMITED,Liquid fuels,1.056,Kerosene,"HOUSING, WATER, ELECTRICITY, GAS AND OTHER FUELS",PETROLINA
2025-02-12,PETROLINA (HOLDINGS) PUBLIC LIMITED,Petrol,1.403,Unleaded 95,TRANSPORT,PETROLINA
2025-02-12,PETROLINA (HOLDINGS) PUBLIC LIMITED,Petrol,1.468,Unleaded 98,TRANSPORT,PETROLINA
2025-02-12,PETROLINA (HOLDINGS) PUBLIC LIMITED,Diesel,1.49,Diesel,TRANSPORT,PETROLINA
2025-02-12,PETROLINA (HOLDINGS) PUBLIC LIMITED,Liquid fuels,1.023,Heating Diesel,"HOUSING, WATER, ELECTRICITY, GAS AND OTHER FUELS",PETROLINA
2025-02-12,PETROLINA (HOLDINGS) PUBLIC LIMITED,Liquid fuels,1.056,Kerosene,"HOUSING, WATER, ELECTRICITY, GAS AND OTHER FUELS",PETROLINA
2025-02-12,PETROLINA (HOLDINGS) PUBLIC LIMITED,Petrol,1.403,Unleaded 95,TRANSPORT,PETROLINA
2025-02-12,PETROLINA (HOLDINGS) PUBLIC LIMITED,Petrol,1.468,Unleaded 98,TRANSPORT,PETROLINA
2025-02-12,PETROLINA (HOLDINGS) PUBLIC LIMITED,Diesel,1.49,Diesel,TRANSPORT,PETROLINA
2025-02-12,PETROLINA (HOLDINGS) PUBLIC LIMITED,Liquid fuels,1.023,Heating Diesel,"HOUSING, WATER, ELECTRICITY, GAS AND OTHER FUELS",PETROLINA
2025-02-12,PETROLINA (HOLDINGS) PUBLIC LIMITED,Liquid fuels,1.056,Kerosene,"HOUSING, WATER, ELECTRICITY, GAS AND OTHER FUELS",PETROLINA
2025-02-12,SOFOCLIS PETROL STATION LTD,Petrol,1.409,Unleaded 95,TRANSPORT,SHELL
2025-02-12,SOFOCLIS PETROL STATION LTD,Petrol,1.519,Unleaded 98,TRANSPORT,SHELL
2025-02-12,SOFOCLIS PETROL STATION LTD,Diesel,1.499,Diesel,TRANSPORT,SHELL
2025-02-12,S.L. PETROLEUM SERVICES LTD,Petrol,1.419,Unleaded 95,TRANSPORT,ENI
2025-02-12,S.L. PETROLEUM SERVICES LTD,Petrol,1.485,Unleaded 98,TRANSPORT,ENI
2025-02-12,S.L. PETROLEUM SERVICES LTD,Diesel,1.515,Diesel,TRANSPORT,ENI
2025-02-12,S.L. PETROLEUM SERVICES LTD,Liquid fuels,1.042,Heating Diesel,"HOUSING, WATER, ELECTRICITY, GAS AND OTHER FUELS",ENI
2025-02-12,S.L. PETROLEUM SERVICES LTD,Liquid fuels,1.168,Kerosene,"HOUSING, WATER, ELECTRICITY, GAS AND OTHER FUELS",ENI
2025-02-12,CORAL ENERGY PRODUCTS CYPRUS LTD,Petrol,1.425,Unleaded 95,TRANSPORT,SHELL
2025-02-12,CORAL ENERGY PRODUCTS CYPRUS LTD,Petrol,1.535,Unleaded 98,TRANSPORT,SHELL
2025-02-12,CORAL ENERGY PRODUCTS CYPRUS LTD,Diesel,1.519,Diesel,TRANSPORT,SHELL
2025-02-12,R.A.M. OIL CYPRUS LIMITED,Petrol,1.435,Unleaded 95,TRANSPORT,EKO
2025-02-12,R.A.M. OIL CYPRUS LIMITED,Petrol,1.497,Unleaded 98,TRANSPORT,EKO
2025-02-12,R.A.M. OIL CYPRUS LIMITED,Diesel,1.529,Diesel,TRANSPORT,EKO
2025-02-12,R.A.M. OIL CYPRUS LIMITED,Liquid fuels,1.059,Heating Diesel,"HOUSING, WATER, ELECTRICITY, GAS AND OTHER FUELS",EKO
2025-02-12,R.A.M. OIL CYPRUS LIMITED,Liquid fuels,1.068,Kerosene,"HOUSING, WATER, ELECTRICITY, GAS AND OTHER FUELS",EKO
2025-02-12,PETROLINA (HOLDINGS) PUBLIC LIMITED,Petrol,1.435,Unleaded 95,TRANSPORT,PETROLINA
2025-02-12,PETROLINA (HOLDINGS) PUBLIC LIMITED,Petrol,1.497,Unleaded 98,TRANSPORT,PETROLINA
2025-02-12,PETROLINA (HOLDINGS) PUBLIC LIMITED,Diesel,1.528,Diesel,TRANSPORT,PETROLINA
2025-02-12,PETROLINA (HOLDINGS) PUBLIC LIMITED,Liquid fuels,1.055,Heating Diesel,"HOUSING, WATER, ELECTRICITY, GAS AND OTHER FUELS",PETROLINA
2025-02-12,PETROLINA (HOLDINGS) PUBLIC LIMITED,Liquid fuels,1.073,Kerosene,"HOUSING, WATER, ELECTRICITY, GAS AND OTHER FUELS",PETROLINA
2025-02-12,R.A.M. OIL CYPRUS LIMITED,Petrol,1.435,Unleaded 95,TRANSPORT,EKO
2025-02-12,R.A.M. OIL CYPRUS LIMITED,Petrol,1.497,Unleaded 98,TRANSPORT,EKO
2025-02-12,R.A.M. OIL CYPRUS LIMITED,Diesel,1.535,Diesel,TRANSPORT,EKO
2025-02-12,R.A.M. OIL CYPRUS LIMITED,Liquid fuels,1.059,Heating Diesel,"HOUSING, WATER, ELECTRICITY, GAS AND OTHER FUELS",EKO
2025-02-12,R.A.M. OIL CYPRUS LIMITED,Liquid fuels,1.068,Kerosene,"HOUSING, WATER, ELECTRICITY, GAS AND OTHER FUELS",EKO
2025-02-12,CORAL ENERGY PRODUCTS CYPRUS LTD,Petrol,1.435,Unleaded 95,TRANSPORT,SHELL
2025-02-12,CORAL ENERGY PRODUCTS CYPRUS LTD,Petrol,1.545,Unleaded 98,TRANSPORT,SHELL
2025-02-12,CORAL ENERGY PRODUCTS CYPRUS LTD,Diesel,1.528,Diesel,TRANSPORT,SHELL
2025-02-12,CORAL ENERGY PRODUCTS CYPRUS LTD,Liquid fuels,1.058,Heating Diesel,"HOUSING, WATER, ELECTRICITY, GAS AND OTHER FUELS",SHELL
2025-02-12,PETROLINA (HOLDINGS) PUBLIC LIMITED,Petrol,1.435,Unleaded 95,TRANSPORT,PETROLINA
2025-02-12,PETROLINA (HOLDINGS) PUBLIC LIMITED,Petrol,1.497,Unleaded 98,TRANSPORT,PETROLINA
2025-02-12,PETROLINA (HOLDINGS) PUBLIC LIMITED,Diesel,1.535,Diesel,TRANSPORT,PETROLINA
2025-02-12,PETROLINA (HOLDINGS) PUBLIC LIMITED,Liquid fuels,1.058,Heating Diesel,"HOUSING, WATER, ELECTRICITY, GAS AND OTHER FUELS",PETROLINA
2025-02-12,PETROLINA (HOLDINGS) PUBLIC LIMITED,Liquid fuels,1.068,Kerosene,"HOUSING, WATER, ELECTRICITY, GAS AND OTHER FUELS",PETROLINA
2025-02-12,PETROLINA (HOLDINGS) PUBLIC LIMITED,Petrol,1.435,Unleaded 95,TRANSPORT,PETROLINA
2025-02-12,PETROLINA (HOLDINGS) PUBLIC LIMITED,Petrol,1.497,Unleaded 98,TRANSPORT,PETROLINA
2025-02-12,PETROLINA (HOLDINGS) PUBLIC LIMITED,Diesel,1.528,Diesel,TRANSPORT,PETROLINA
2025-02-12,PETROLINA (HOLDINGS) PUBLIC LIMITED,Liquid fuels,1.055,Heating Diesel,"HOUSING, WATER, ELECTRICITY, GAS AND OTHER FUELS",PETROLINA
2025-02-12,PETROLINA (HOLDINGS) PUBLIC LIMITED,Liquid fuels,1.073,Kerosene,"HOUSING, WATER, ELECTRICITY, GAS AND OTHER FUELS",PETROLINA
2025-02-12,CORAL ENERGY PRODUCTS CYPRUS LTD,Petrol,1.435,Unleaded 95,TRANSPORT,SHELL
2025-02-12,CORAL ENERGY PRODUCTS CYPRUS LTD,Petrol,1.545,Unleaded 98,TRANSPORT,SHELL
2025-02-12,CORAL ENERGY PRODUCTS CYPRUS LTD,Diesel,1.535,Diesel,TRANSPORT,SHELL
2025-02-12,CORAL ENERGY PRODUCTS CYPRUS LTD,Liquid fuels,1.058,Heating Diesel,"HOUSING, WATER, ELECTRICITY, GAS AND OTHER FUELS",SHELL
2025-02-12,CORAL ENERGY PRODUCTS CYPRUS LTD,Liquid fuels,1.097,Kerosene,"HOUSING, WATER, ELECTRICITY, GAS AND OTHER FUELS",SHELL
2025-02-12,A & K PAVLOU TRADING LIMITED,Petrol,1.435,Unleaded 95,TRANSPORT,ESSO
2025-02-12,A & K PAVLOU TRADING LIMITED,Petrol,1.519,Unleaded 98,TRANSPORT,ESSO
2025-02-12,A & K PAVLOU TRADING LIMITED,Diesel,1.535,Diesel,TRANSPORT,ESSO
2025-02-12,A & K PAVLOU TRADING LIMITED,Liquid fuels,1.069,Heating Diesel,"HOUSING, WATER, ELECTRICITY, GAS AND OTHER FUELS",ESSO
2025-02-12,A & K PAVLOU TRADING LIMITED,Liquid fuels,1.199,Kerosene,"HOUSING, WATER, ELECTRICITY, GAS AND OTHER FUELS",ESSO
2025-02-12,R.A.M. OIL CYPRUS LIMITED,Petrol,1.435,Unleaded 95,TRANSPORT,EKO
2025-02-12,R.A.M. OIL CYPRUS LIMITED,Petrol,1.497,Unleaded 98,TRANSPORT,EKO
2025-02-12,R.A.M. OIL CYPRUS LIMITED,Diesel,1.529,Diesel,TRANSPORT,EKO
2025-02-12,R.A.M. OIL CYPRUS LIMITED,Liquid fuels,1.059,Heating Diesel,"HOUSING, WATER, ELECTRICITY, GAS AND OTHER FUELS",EKO
2025-02-12,R.A.M. OIL CYPRUS LIMITED,Liquid fuels,1.068,Kerosene,"HOUSING, WATER, ELECTRICITY, GAS AND OTHER FUELS",EKO
2025-02-12,M.K. GENETHLIOU & YIOI LIMITED,Petrol,1.436,Unleaded 95,TRANSPORT,ESSO
2025-02-12,M.K. GENETHLIOU & YIOI LIMITED,Petrol,1.516,Unleaded 98,TRANSPORT,ESSO
2025-02-12,M.K. GENETHLIOU & YIOI LIMITED,Diesel,1.526,Diesel,TRANSPORT,ESSO
2025-02-12,M.K. GENETHLIOU & YIOI LIMITED,Liquid fuels,1.057,Heating Diesel,"HOUSING, WATER, ELECTRICITY, GAS AND OTHER FUELS",ESSO
2025-02-12,M.K. GENETHLIOU & YIOI LIMITED,Liquid fuels,1.097,Kerosene,"HOUSING, WATER, ELECTRICITY, GAS AND OTHER FUELS",ESSO
2025-02-12,PETROLINA (HOLDINGS) PUBLIC LIMITED,Petrol,1.436,Unleaded 95,TRANSPORT,PETROLINA
2025-02-12,PETROLINA (HOLDINGS) PUBLIC LIMITED,Petrol,1.516,Unleaded 98,TRANSPORT,PETROLINA
2025-02-12,PETROLINA (HOLDINGS) PUBLIC LIMITED,Diesel,1.526,Diesel,TRANSPORT,PETROLINA
2025-02-12,PETROLINA (HOLDINGS) PUBLIC LIMITED,Liquid fuels,1.057,Heating Diesel,"HOUSING, WATER, ELECTRICITY, GAS AND OTHER FUELS",PETROLINA
2025-02-12,PAMBINOS PETROL STATION LIMITED,Petrol,1.436,Unleaded 95,TRANSPORT,EKO
2025-02-12,PAMBINOS PETROL STATION LIMITED,Petrol,1.516,Unleaded 98,TRANSPORT,EKO
2025-02-12,PAMBINOS PETROL STATION LIMITED,Diesel,1.529,Diesel,TRANSPORT,EKO
2025-02-12,PAMBINOS PETROL STATION LIMITED,Liquid fuels,1.081,Heating Diesel,"HOUSING, WATER, ELECTRICITY, GAS AND OTHER FUELS",EKO
2025-02-12,PAMBINOS PETROL STATION LIMITED,Liquid fuels,1.117,Kerosene,"HOUSING, WATER, ELECTRICITY, GAS AND OTHER FUELS",EKO
2025-02-12,LEFKIOS NICOLAOU ENTERPRISES LIMITED,Petrol,1.438,Unleaded 95,TRANSPORT,EKO
2025-02-12,LEFKIOS NICOLAOU ENTERPRISES LIMITED,Petrol,1.497,Unleaded 98,TRANSPORT,EKO
2025-02-12,LEFKIOS NICOLAOU ENTERPRISES LIMITED,Diesel,1.541,Diesel,TRANSPORT,EKO
2025-02-12,LEFKIOS NICOLAOU ENTERPRISES LIMITED,Liquid fuels,1.048,Heating Diesel,"HOUSING, WATER, ELECTRICITY, GAS AND OTHER FUELS",EKO
2025-02-12,LEFKIOS NICOLAOU ENTERPRISES LIMITED,Liquid fuels,1.149,Kerosene,"HOUSING, WATER, ELECTRICITY, GAS AND OTHER FUELS",EKO
2025-02-12,S.K.P. ENTERPRISES LIMITED,Petrol,1.438,Unleaded 95,TRANSPORT,ESSO
2025-02-12,S.K.P. ENTERPRISES LIMITED,Petrol,1.518,Unleaded 98,TRANSPORT,ESSO
2025-02-12,S.K.P. ENTERPRISES LIMITED,Diesel,1.528,Diesel,TRANSPORT,ESSO
2025-02-12,S.K.P. ENTERPRISES LIMITED,Liquid fuels,1.058,Heating Diesel,"HOUSING, WATER, ELECTRICITY, GAS AND OTHER FUELS",ESSO
2025-02-12,S.K.P. ENTERPRISES LIMITED,Liquid fuels,1.076,Kerosene,"HOUSING, WATER, ELECTRICITY, GAS AND OTHER FUELS",ESSO
2025-02-12,R.A.M. OIL CYPRUS LIMITED,Petrol,1.439,Unleaded 95,TRANSPORT,EKO
2025-02-12,R.A.M. OIL CYPRUS LIMITED,Petrol,1.497,Unleaded 98,TRANSPORT,EKO
2025-02-12,R.A.M. OIL CYPRUS LIMITED,Diesel,1.539,Diesel,TRANSPORT,EKO
2025-02-12,R.A.M. OIL CYPRUS LIMITED,Liquid fuels,1.059,Heating Diesel,"HOUSING, WATER, ELECTRICITY, GAS AND OTHER FUELS",EKO
2025-02-12,R.A.M. OIL CYPRUS LIMITED,Liquid fuels,1.068,Kerosene,"HOUSING, WATER, ELECTRICITY, GAS AND OTHER FUELS",EKO
2025-02-12,INDEXICO LIMITED,Petrol,1.439,Unleaded 95,TRANSPORT,SHELL
2025-02-12,INDEXICO LIMITED,Petrol,1.569,Unleaded 98,TRANSPORT,SHELL
2025-02-12,INDEXICO LIMITED,Diesel,1.535,Diesel,TRANSPORT,SHELL
2025-02-12,INDEXICO LIMITED,Liquid fuels,1.055,Heating Diesel,"HOUSING, WATER, ELECTRICITY, GAS AND OTHER FUELS",SHELL
2025-02-12,INDEXICO LIMITED,Liquid fuels,1.097,Kerosene,"HOUSING, WATER, ELECTRICITY, GAS AND OTHER FUELS",SHELL
2025-02-12,E&P PETROL STATION LTD,Petrol,1.439,Unleaded 95,TRANSPORT,ESSO
2025-02-12,E&P PETROL STATION LTD,Petrol,1.519,Unleaded 98,TRANSPORT,ESSO
2025-02-12,E&P PETROL STATION LTD,Diesel,1.529,Diesel,TRANSPORT,ESSO
2025-02-12,E&P PETROL STATION LTD,Liquid fuels,1.059,Heating Diesel,"HOUSING, WATER, ELECTRICITY, GAS AND OTHER FUELS",ESSO
2025-02-12,E&P PETROL STATION LTD,Liquid fuels,1.099,Kerosene,"HOUSING, WATER, ELECTRICITY, GAS AND OTHER FUELS",ESSO
2025-02-12,PETROLINA (HOLDINGS) PUBLIC LIMITED,Petrol,1.439,Unleaded 95,TRANSPORT,PETROLINA
2025-02-12,PETROLINA (HOLDINGS) PUBLIC LIMITED,Petrol,1.518,Unleaded 98,TRANSPORT,PETROLINA
2025-02-12,PETROLINA (HOLDINGS) PUBLIC LIMITED,Diesel,1.529,Diesel,TRANSPORT,PETROLINA
2025-02-12,PETROLINA (HOLDINGS) PUBLIC LIMITED,Liquid fuels,1.059,Heating Diesel,"HOUSING, WATER, ELECTRICITY, GAS AND OTHER FUELS",PETROLINA
2025-02-12,PETROLINA (HOLDINGS) PUBLIC LIMITED,Liquid fuels,1.098,Kerosene,"HOUSING, WATER, ELECTRICITY, GAS AND OTHER FUELS",PETROLINA
2025-02-12,S & K TIGGER TRADING LIMITED,Petrol,1.439,Unleaded 95,TRANSPORT,ESSO
2025-02-12,S & K TIGGER TRADING LIMITED,Petrol,1.519,Unleaded 98,TRANSPORT,ESSO
2025-02-12,S & K TIGGER TRADING LIMITED,Diesel,1.529,Diesel,TRANSPORT,ESSO
2025-02-12,S & K TIGGER TRADING LIMITED,Liquid fuels,1.059,Heating Diesel,"HOUSING, WATER, ELECTRICITY, GAS AND OTHER FUELS",ESSO
2025-02-12,S & K TIGGER TRADING LIMITED,Liquid fuels,1.099,Kerosene,"HOUSING, WATER, ELECTRICITY, GAS AND OTHER FUELS",ESSO
2025-02-12,R.A.M. OIL CYPRUS LIMITED,Petrol,1.439,Unleaded 95,TRANSPORT,EKO
2025-02-12,R.A.M. OIL CYPRUS LIMITED,Petrol,1.497,Unleaded 98,TRANSPORT,EKO
2025-02-12,R.A.M. OIL CYPRUS LIMITED,Diesel,1.539,Diesel,TRANSPORT,EKO
2025-02-12,R.A.M. OIL CYPRUS LIMITED,Liquid fuels,1.059,Heating Diesel,"HOUSING, WATER, ELECTRICITY, GAS AND OTHER FUELS",EKO
2025-02-12,R.A.M. OIL CYPRUS LIMITED,Liquid fuels,1.068,Kerosene,"HOUSING, WATER, ELECTRICITY, GAS AND OTHER FUELS",EKO
2025-02-12,INDEXICO LIMITED,Petrol,1.439,Unleaded 95,TRANSPORT,SHELL
2025-02-12,INDEXICO LIMITED,Petrol,1.569,Unleaded 98,TRANSPORT,SHELL
2025-02-12,INDEXICO LIMITED,Diesel,1.535,Diesel,TRANSPORT,SHELL
2025-02-12,INDEXICO LIMITED,Liquid fuels,1.055,Heating Diesel,"HOUSING, WATER, ELECTRICITY, GAS AND OTHER FUELS",SHELL
2025-02-12,INDEXICO LIMITED,Liquid fuels,1.097,Kerosene,"HOUSING, WATER, ELECTRICITY, GAS AND OTHER FUELS",SHELL
2025-02-12,E&P PETROL STATION LTD,Petrol,1.439,Unleaded 95,TRANSPORT,ESSO
2025-02-12,E&P PETROL STATION LTD,Petrol,1.519,Unleaded 98,TRANSPORT,ESSO
2025-02-12,E&P PETROL STATION LTD,Diesel,1.529,Diesel,TRANSPORT,ESSO
2025-02-12,E&P PETROL STATION LTD,Liquid fuels,1.059,Heating Diesel,"HOUSING, WATER, ELECTRICITY, GAS AND OTHER FUELS",ESSO
2025-02-12,E&P PETROL STATION LTD,Liquid fuels,1.099,Kerosene,"HOUSING, WATER, ELECTRICITY, GAS AND OTHER FUELS",ESSO
2025-02-12,KYRIAKOS KOMPOS & YIOI LIMITED,Petrol,1.449,Unleaded 95,TRANSPORT,SHELL
2025-02-12,KYRIAKOS KOMPOS & YIOI LIMITED,Petrol,1.559,Unleaded 98,TRANSPORT,SHELL
2025-02-12,KYRIAKOS KOMPOS & YIOI LIMITED,Diesel,1.539,Diesel,TRANSPORT,SHELL
2025-02-12,KYRIAKOS KOMPOS & YIOI LIMITED,Liquid fuels,1.069,Heating Diesel,"HOUSING, WATER, ELECTRICITY, GAS AND OTHER FUELS",SHELL
2025-02-12,KYRIAKOS KOMPOS & YIOI LIMITED,Liquid fuels,1.169,Kerosene,"HOUSING, WATER, ELECTRICITY, GAS AND OTHER FUELS",SHELL
2025-02-12,NIKOS S. NIKOLAIDIS LIMITED,Petrol,1.453,Unleaded 95,TRANSPORT,ENI
2025-02-12,NIKOS S. NIKOLAIDIS LIMITED,Petrol,1.518,Unleaded 98,TRANSPORT,ENI
2025-02-12,NIKOS S. NIKOLAIDIS LIMITED,Diesel,1.54,Diesel,TRANSPORT,ENI
2025-02-12,NIKOS S. NIKOLAIDIS LIMITED,Liquid fuels,1.067,Heating Diesel,"HOUSING, WATER, ELECTRICITY, GAS AND OTHER FUELS",ENI
2025-02-12,NIKOS S. NIKOLAIDIS LIMITED,Liquid fuels,1.13,Kerosene,"HOUSING, WATER, ELECTRICITY, GAS AND OTHER FUELS",ENI
2025-02-12,PAMBINOS & SONS LIMITED,Petrol,1.453,Unleaded 95,TRANSPORT,EKO
2025-02-12,PAMBINOS & SONS LIMITED,Petrol,1.518,Unleaded 98,TRANSPORT,EKO
2025-02-12,PAMBINOS & SONS LIMITED,Diesel,1.54,Diesel,TRANSPORT,EKO
2025-02-12,PAMBINOS & SONS LIMITED,Liquid fuels,1.081,Heating Diesel,"HOUSING, WATER, ELECTRICITY, GAS AND OTHER FUELS",EKO
2025-02-12,PAMBINOS & SONS LIMITED,Liquid fuels,1.117,Kerosene,"HOUSING, WATER, ELECTRICITY, GAS AND OTHER FUELS",EKO
2025-02-12,KIKIS P. MICHAILOUDIS LIMITED,Petrol,1.453,Unleaded 95,TRANSPORT,PETROLINA
2025-02-12,KIKIS P. MICHAILOUDIS LIMITED,Petrol,1.518,Unleaded 98,TRANSPORT,PETROLINA
2025-02-12,KIKIS P. MICHAILOUDIS LIMITED,Diesel,1.542,Diesel,TRANSPORT,PETROLINA
2025-02-12,KIKIS P. MICHAILOUDIS LIMITED,Liquid fuels,1.067,Heating Diesel,"HOUSING, WATER, ELECTRICITY, GAS AND OTHER FUELS",PETROLINA
2025-02-12,KIKIS P. MICHAILOUDIS LIMITED,Liquid fuels,1.12,Kerosene,"HOUSING, WATER, ELECTRICITY, GAS AND OTHER FUELS",PETROLINA
2025-02-12,R.A.M. OIL CYPRUS LIMITED,Petrol,1.414,Unleaded 95,TRANSPORT,EKO
2025-02-12,R.A.M. OIL CYPRUS LIMITED,Petrol,1.497,Unleaded 98,TRANSPORT,EKO
2025-02-12,R.A.M. OIL CYPRUS LIMITED,Diesel,1.539,Diesel,TRANSPORT,EKO
2025-02-12,R.A.M. OIL CYPRUS LIMITED,Liquid fuels,1.059,Heating Diesel,"HOUSING, WATER, ELECTRICITY, GAS AND OTHER FUELS",EKO
2025-02-12,R.A.M. OIL CYPRUS LIMITED,Liquid fuels,1.068,Kerosene,"HOUSING, WATER, ELECTRICITY, GAS AND OTHER FUELS",EKO
2025-02-12,CORAL ENERGY PRODUCTS CYPRUS LTD,Petrol,1.414,Unleaded 95,TRANSPORT,SHELL
2025-02-12,CORAL ENERGY PRODUCTS CYPRUS LTD,Petrol,1.524,Unleaded 98,TRANSPORT,SHELL
2025-02-12,CORAL ENERGY PRODUCTS CYPRUS LTD,Diesel,1.529,Diesel,TRANSPORT,SHELL
2025-02-12,CORAL ENERGY PRODUCTS CYPRUS LTD,Liquid fuels,1.058,Heating Diesel,"HOUSING, WATER, ELECTRICITY, GAS AND OTHER FUELS",SHELL
2025-02-12,CORAL ENERGY PRODUCTS CYPRUS LTD,Liquid fuels,1.097,Kerosene,"HOUSING, WATER, ELECTRICITY, GAS AND OTHER FUELS",SHELL
2025-02-12,TRIKENO LTD,Petrol,1.423,Unleaded 95,TRANSPORT,ESSO
2025-02-12,TRIKENO LTD,Petrol,1.497,Unleaded 98,TRANSPORT,ESSO
2025-02-12,TRIKENO LTD,Diesel,1.529,Diesel,TRANSPORT,ESSO
2025-02-12,TRIKENO LTD,Liquid fuels,1.039,Heating Diesel,"HOUSING, WATER, ELECTRICITY, GAS AND OTHER FUELS",ESSO
2025-02-12,TRIKENO LTD,Liquid fuels,1.067,Kerosene,"HOUSING, WATER, ELECTRICITY, GAS AND OTHER FUELS",ESSO
2025-02-12,P1 PETROLEUM LIMITED,Petrol,1.423,Unleaded 95,TRANSPORT,ESSO
2025-02-12,P1 PETROLEUM LIMITED,Petrol,1.509,Unleaded 98,TRANSPORT,ESSO
2025-02-12,P1 PETROLEUM LIMITED,Diesel,1.529,Diesel,TRANSPORT,ESSO
2025-02-12,P1 PETROLEUM LIMITED,Liquid fuels,1.039,Heating Diesel,"HOUSING, WATER, ELECTRICITY, GAS AND OTHER FUELS",ESSO
2025-02-12,P1 PETROLEUM LIMITED,Liquid fuels,1.077,Kerosene,"HOUSING, WATER, ELECTRICITY, GAS AND OTHER FUELS",ESSO
2025-02-12,R.A.M. OIL CYPRUS LIMITED,Petrol,1.423,Unleaded 95,TRANSPORT,EKO
2025-02-12,R.A.M. OIL CYPRUS LIMITED,Petrol,1.497,Unleaded 98,TRANSPORT,EKO
2025-02-12,R.A.M. OIL CYPRUS LIMITED,Diesel,1.529,Diesel,TRANSPORT,EKO
2025-02-12,R.A.M. OIL CYPRUS LIMITED,Liquid fuels,1.059,Heating Diesel,"HOUSING, WATER, ELECTRICITY, GAS AND OTHER FUELS",EKO
2025-02-12,R.A.M. OIL CYPRUS LIMITED,Liquid fuels,1.068,Kerosene,"HOUSING, WATER, ELECTRICITY, GAS AND OTHER FUELS",EKO
2025-02-12,CORAL ENERGY PRODUCTS CYPRUS LTD,Petrol,1.423,Unleaded 95,TRANSPORT,SHELL
2025-02-12,CORAL ENERGY PRODUCTS CYPRUS LTD,Petrol,1.533,Unleaded 98,TRANSPORT,SHELL
2025-02-12,CORAL ENERGY PRODUCTS CYPRUS LTD,Diesel,1.529,Diesel,TRANSPORT,SHELL
2025-02-12,CORAL ENERGY PRODUCTS CYPRUS LTD,Liquid fuels,1.058,Heating Diesel,"HOUSING, WATER, ELECTRICITY, GAS AND OTHER FUELS",SHELL
2025-02-12,CORAL ENERGY PRODUCTS CYPRUS LTD,Liquid fuels,1.097,Kerosene,"HOUSING, WATER, ELECTRICITY, GAS AND OTHER FUELS",SHELL
2025-02-12,M.A.N.I. PANAGIOTOU LTD,Petrol,1.423,Unleaded 95,TRANSPORT,ESSO
2025-02-12,M.A.N.I. PANAGIOTOU LTD,Petrol,1.509,Unleaded 98,TRANSPORT,ESSO
2025-02-12,M.A.N.I. PANAGIOTOU LTD,Diesel,1.529,Diesel,TRANSPORT,ESSO
2025-02-12,M.A.N.I. PANAGIOTOU LTD,Liquid fuels,1.059,Heating Diesel,"HOUSING, WATER, ELECTRICITY, GAS AND OTHER FUELS",ESSO
2025-02-12,M.A.N.I. PANAGIOTOU LTD,Liquid fuels,1.119,Kerosene,"HOUSING, WATER, ELECTRICITY, GAS AND OTHER FUELS",ESSO
2025-02-12,R.A.M. OIL CYPRUS LIMITED,Petrol,1.423,Unleaded 95,TRANSPORT,EKO
2025-02-12,R.A.M. OIL CYPRUS LIMITED,Petrol,1.497,Unleaded 98,TRANSPORT,EKO
2025-02-12,R.A.M. OIL CYPRUS LIMITED,Diesel,1.529,Diesel,TRANSPORT,EKO
2025-02-12,R.A.M. OIL CYPRUS LIMITED,Liquid fuels,1.059,Heating Diesel,"HOUSING, WATER, ELECTRICITY, GAS AND OTHER FUELS",EKO
2025-02-12,R.A.M. OIL CYPRUS LIMITED,Liquid fuels,1.068,Kerosene,"HOUSING, WATER, ELECTRICITY, GAS AND OTHER FUELS",EKO
2025-02-12,R.A.M. OIL CYPRUS LIMITED,Petrol,1.423,Unleaded 95,TRANSPORT,EKO
2025-02-12,R.A.M. OIL CYPRUS LIMITED,Petrol,1.497,Unleaded 98,TRANSPORT,EKO
2025-02-12,R.A.M. OIL CYPRUS LIMITED,Diesel,1.529,Diesel,TRANSPORT,EKO
2025-02-12,R.A.M. OIL CYPRUS LIMITED,Liquid fuels,1.059,Heating Diesel,"HOUSING, WATER, ELECTRICITY, GAS AND OTHER FUELS",EKO
2025-02-12,R.A.M. OIL CYPRUS LIMITED,Liquid fuels,1.068,Kerosene,"HOUSING, WATER, ELECTRICITY, GAS AND OTHER FUELS",EKO
2025-02-12,P2 PETROLEUM LIMITED,Petrol,1.423,Unleaded 95,TRANSPORT,ESSO
2025-02-12,P2 PETROLEUM LIMITED,Petrol,1.509,Unleaded 98,TRANSPORT,ESSO
2025-02-12,P2 PETROLEUM LIMITED,Diesel,1.529,Diesel,TRANSPORT,ESSO
2025-02-12,P2 PETROLEUM LIMITED,Liquid fuels,1.039,Heating Diesel,"HOUSING, WATER, ELECTRICITY, GAS AND OTHER FUELS",ESSO
2025-02-12,P2 PETROLEUM LIMITED,Liquid fuels,1.077,Kerosene,"HOUSING, WATER, ELECTRICITY, GAS AND OTHER FUELS",ESSO
2025-02-12,R.A.M. OIL CYPRUS LIMITED,Petrol,1.423,Unleaded 95,TRANSPORT,EKO
2025-02-12,R.A.M. OIL CYPRUS LIMITED,Petrol,1.497,Unleaded 98,TRANSPORT,EKO
2025-02-12,R.A.M. OIL CYPRUS LIMITED,Diesel,1.529,Diesel,TRANSPORT,EKO
2025-02-12,R.A.M. OIL CYPRUS LIMITED,Liquid fuels,1.059,Heating Diesel,"HOUSING, WATER, ELECTRICITY, GAS AND OTHER FUELS",EKO
2025-02-12,R.A.M. OIL CYPRUS LIMITED,Liquid fuels,1.068,Kerosene,"HOUSING, WATER, ELECTRICITY, GAS AND OTHER FUELS",EKO
2025-02-12,PETROLINA (HOLDINGS) PUBLIC LIMITED,Petrol,1.433,Unleaded 95,TRANSPORT,PETROLINA
2025-02-12,PETROLINA (HOLDINGS) PUBLIC LIMITED,Petrol,1.498,Unleaded 98,TRANSPORT,PETROLINA
2025-02-12,PETROLINA (HOLDINGS) PUBLIC LIMITED,Diesel,1.52,Diesel,TRANSPORT,PETROLINA
2025-02-12,PETROLINA (HOLDINGS) PUBLIC LIMITED,Liquid fuels,1.067,Heating Diesel,"HOUSING, WATER, ELECTRICITY, GAS AND OTHER FUELS",PETROLINA
2025-02-12,PETROLINA (HOLDINGS) PUBLIC LIMITED,Liquid fuels,1.098,Kerosene,"HOUSING, WATER, ELECTRICITY, GAS AND OTHER FUELS",PETROLINA
2025-02-12,STAUROS KARAGIANNAS LIMITED,Petrol,1.452,Unleaded 95,TRANSPORT,PETROLINA
2025-02-12,STAUROS KARAGIANNAS LIMITED,Petrol,1.516,Unleaded 98,TRANSPORT,PETROLINA
2025-02-12,STAUROS KARAGIANNAS LIMITED,Diesel,1.54,Diesel,TRANSPORT,PETROLINA
2025-02-12,STAUROS KARAGIANNAS LIMITED,Liquid fuels,1.109,Kerosene,"HOUSING, WATER, ELECTRICITY, GAS AND OTHER FUELS",PETROLINA
2025-02-12,KOSTAS SOTIRIOU & YIOS (STATHMOS VENZINIS) LIMITED,Petrol,1.453,Unleaded 95,TRANSPORT,PETROLINA
2025-02-12,KOSTAS SOTIRIOU & YIOS (STATHMOS VENZINIS) LIMITED,Petrol,1.548,Unleaded 98,TRANSPORT,PETROLINA
2025-02-12,KOSTAS SOTIRIOU & YIOS (STATHMOS VENZINIS) LIMITED,Diesel,1.545,Diesel,TRANSPORT,PETROLINA
2025-02-12,KOSTAS SOTIRIOU & YIOS (STATHMOS VENZINIS) LIMITED,Liquid fuels,1.179,Heating Diesel,"HOUSING, WATER, ELECTRICITY, GAS AND OTHER FUELS",PETROLINA
2025-02-12,KOSTAS SOTIRIOU & YIOS (STATHMOS VENZINIS) LIMITED,Liquid fuels,1.199,Kerosene,"HOUSING, WATER, ELECTRICITY, GAS AND OTHER FUELS",PETROLINA
2025-02-12,PETROLINA (HOLDINGS) PUBLIC LIMITED,Petrol,1.453,Unleaded 95,TRANSPORT,PETROLINA
2025-02-12,PETROLINA (HOLDINGS) PUBLIC LIMITED,Petrol,1.518,Unleaded 98,TRANSPORT,PETROLINA
2025-02-12,PETROLINA (HOLDINGS) PUBLIC LIMITED,Diesel,1.54,Diesel,TRANSPORT,PETROLINA
2025-02-12,PETROLINA (HOLDINGS) PUBLIC LIMITED,Liquid fuels,1.067,Heating Diesel,"HOUSING, WATER, ELECTRICITY, GAS AND OTHER FUELS",PETROLINA
2025-02-12,PETROLINA (HOLDINGS) PUBLIC LIMITED,Liquid fuels,1.098,Kerosene,"HOUSING, WATER, ELECTRICITY, GAS AND OTHER FUELS",PETROLINA
2025-02-12,PETROLINA (HOLDINGS) PUBLIC LIMITED,Petrol,1.453,Unleaded 95,TRANSPORT,PETROLINA
2025-02-12,PETROLINA (HOLDINGS) PUBLIC LIMITED,Petrol,1.518,Unleaded 98,TRANSPORT,PETROLINA
2025-02-12,PETROLINA (HOLDINGS) PUBLIC LIMITED,Diesel,1.54,Diesel,TRANSPORT,PETROLINA
2025-02-12,PETROLINA (HOLDINGS) PUBLIC LIMITED,Liquid fuels,1.067,Heating Diesel,"HOUSING, WATER, ELECTRICITY, GAS AND OTHER FUELS",PETROLINA
2025-02-12,PETROLINA (HOLDINGS) PUBLIC LIMITED,Liquid fuels,1.098,Kerosene,"HOUSING, WATER, ELECTRICITY, GAS AND OTHER FUELS",PETROLINA
2025-02-12,KALL-ENI CITY GAS STATION LTD,Petrol,1.453,Unleaded 95,TRANSPORT,ENI
2025-02-12,KALL-ENI CITY GAS STATION LTD,Petrol,1.518,Unleaded 98,TRANSPORT,ENI
2025-02-12,KALL-ENI CITY GAS STATION LTD,Diesel,1.54,Diesel,TRANSPORT,ENI
2025-02-12,KALL-ENI CITY GAS STATION LTD,Liquid fuels,1.098,Kerosene,"HOUSING, WATER, ELECTRICITY, GAS AND OTHER FUELS",ENI
2025-02-12,GEORGIA NIKOLAOU LTD,Petrol,1.453,Unleaded 95,TRANSPORT,PETROLINA
2025-02-12,GEORGIA NIKOLAOU LTD,Petrol,1.518,Unleaded 98,TRANSPORT,PETROLINA
2025-02-12,GEORGIA NIKOLAOU LTD,Diesel,1.539,Diesel,TRANSPORT,PETROLINA
2025-02-12,GEORGIA NIKOLAOU LTD,Liquid fuels,1.066,Heating Diesel,"HOUSING, WATER, ELECTRICITY, GAS AND OTHER FUELS",PETROLINA
2025-02-12,GEORGIA NIKOLAOU LTD,Liquid fuels,1.097,Kerosene,"HOUSING, WATER, ELECTRICITY, GAS AND OTHER FUELS",PETROLINA
2025-02-12,PETROLINA (HOLDINGS) PUBLIC LIMITED,Petrol,1.447,Unleaded 95,TRANSPORT,PETROLINA
2025-02-12,PETROLINA (HOLDINGS) PUBLIC LIMITED,Petrol,1.518,Unleaded 98,TRANSPORT,PETROLINA
2025-02-12,PETROLINA (HOLDINGS) PUBLIC LIMITED,Diesel,1.54,Diesel,TRANSPORT,PETROLINA
2025-02-12,PETROLINA (HOLDINGS) PUBLIC LIMITED,Liquid fuels,1.067,Heating Diesel,"HOUSING, WATER, ELECTRICITY, GAS AND OTHER FUELS",PETROLINA
2025-02-12,PETROLINA (HOLDINGS) PUBLIC LIMITED,Liquid fuels,1.098,Kerosene,"HOUSING, WATER, ELECTRICITY, GAS AND OTHER FUELS",PETROLINA
2025-02-12,CORAL ENERGY PRODUCTS CYPRUS LTD,Petrol,1.448,Unleaded 95,TRANSPORT,SHELL
2025-02-12,CORAL ENERGY PRODUCTS CYPRUS LTD,Petrol,1.558,Unleaded 98,TRANSPORT,SHELL
2025-02-12,CORAL ENERGY PRODUCTS CYPRUS LTD,Diesel,1.538,Diesel,TRANSPORT,SHELL
2025-02-12,CORAL ENERGY PRODUCTS CYPRUS LTD,Liquid fuels,1.058,Heating Diesel,"HOUSING, WATER, ELECTRICITY, GAS AND OTHER FUELS",SHELL
2025-02-12,"""ADELFOI KOURIDI LIMITED""",Petrol,1.449,Unleaded 95,TRANSPORT,ESSO
2025-02-12,"""ADELFOI KOURIDI LIMITED""",Petrol,1.525,Unleaded 98,TRANSPORT,ESSO
2025-02-12,"""ADELFOI KOURIDI LIMITED""",Diesel,1.539,Diesel,TRANSPORT,ESSO
2025-02-12,"""ADELFOI KOURIDI LIMITED""",Liquid fuels,1.065,Heating Diesel,"HOUSING, WATER, ELECTRICITY, GAS AND OTHER FUELS",ESSO
2025-02-12,"""ADELFOI KOURIDI LIMITED""",Liquid fuels,1.105,Kerosene,"HOUSING, WATER, ELECTRICITY, GAS AND OTHER FUELS",ESSO
2025-02-12,R.A.M. OIL CYPRUS LIMITED,Petrol,1.449,Unleaded 95,TRANSPORT,EKO
2025-02-12,R.A.M. OIL CYPRUS LIMITED,Petrol,1.499,Unleaded 98,TRANSPORT,EKO
2025-02-12,R.A.M. OIL CYPRUS LIMITED,Diesel,1.539,Diesel,TRANSPORT,EKO
2025-02-12,R.A.M. OIL CYPRUS LIMITED,Liquid fuels,1.059,Heating Diesel,"HOUSING, WATER, ELECTRICITY, GAS AND OTHER FUELS",EKO
2025-02-12,R.A.M. OIL CYPRUS LIMITED,Liquid fuels,1.068,Kerosene,"HOUSING, WATER, ELECTRICITY, GAS AND OTHER FUELS",EKO
2025-02-12,ANDREAS M. KOMMATOS LIMITED,Petrol,1.449,Unleaded 95,TRANSPORT,EKO
2025-02-12,ANDREAS M. KOMMATOS LIMITED,Petrol,1.499,Unleaded 98,TRANSPORT,EKO
2025-02-12,ANDREAS M. KOMMATOS LIMITED,Diesel,1.539,Diesel,TRANSPORT,EKO
2025-02-12,ANDREAS M. KOMMATOS LIMITED,Liquid fuels,1.06,Heating Diesel,"HOUSING, WATER, ELECTRICITY, GAS AND OTHER FUELS",EKO
2025-02-12,ANDREAS M. KOMMATOS LIMITED,Liquid fuels,1.099,Kerosene,"HOUSING, WATER, ELECTRICITY, GAS AND OTHER FUELS",EKO
2025-02-12,CHARILAOS DANIIL LIMITED,Petrol,1.449,Unleaded 95,TRANSPORT,ESSO
2025-02-12,CHARILAOS DANIIL LIMITED,Petrol,1.529,Unleaded 98,TRANSPORT,ESSO
2025-02-12,CHARILAOS DANIIL LIMITED,Diesel,1.539,Diesel,TRANSPORT,ESSO
2025-02-12,CHARILAOS DANIIL LIMITED,Liquid fuels,1.069,Heating Diesel,"HOUSING, WATER, ELECTRICITY, GAS AND OTHER FUELS",ESSO
2025-02-12,CHARILAOS DANIIL LIMITED,Liquid fuels,1.109,Kerosene,"HOUSING, WATER, ELECTRICITY, GAS AND OTHER FUELS",ESSO
2025-02-12,J.K PETROL STATION AND CARWASH LTD,Petrol,1.452,Unleaded 95,TRANSPORT,EKO
2025-02-12,J.K PETROL STATION AND CARWASH LTD,Petrol,1.518,Unleaded 98,TRANSPORT,EKO
2025-02-12,J.K PETROL STATION AND CARWASH LTD,Diesel,1.539,Diesel,TRANSPORT,EKO
2025-02-12,J.K PETROL STATION AND CARWASH LTD,Liquid fuels,1.069,Heating Diesel,"HOUSING, WATER, ELECTRICITY, GAS AND OTHER FUELS",EKO
2025-02-12,J.K PETROL STATION AND CARWASH LTD,Liquid fuels,1.119,Kerosene,"HOUSING, WATER, ELECTRICITY, GAS AND OTHER FUELS",EKO
2025-02-12,SPLS TRADING CO LIMITED,Petrol,1.453,Unleaded 95,TRANSPORT,ESSO
2025-02-12,SPLS TRADING CO LIMITED,Petrol,1.519,Unleaded 98,TRANSPORT,ESSO
2025-02-12,SPLS TRADING CO LIMITED,Diesel,1.549,Diesel,TRANSPORT,ESSO
2025-02-12,SPLS TRADING CO LIMITED,Liquid fuels,1.059,Heating Diesel,"HOUSING, WATER, ELECTRICITY, GAS AND OTHER FUELS",ESSO
2025-02-12,SPLS TRADING CO LIMITED,Liquid fuels,1.099,Kerosene,"HOUSING, WATER, ELECTRICITY, GAS AND OTHER FUELS",ESSO
